1	0	0	3	1 	0 0 0 1 	0 1 0 0 	 1 0 0 0 0 0 0 0 0 0 0 0 0 0 0 0 0 0 0 0	 1 1 0 0 0 0 0 0 0 0 0 0 0 0 0 0 0 0 1 0	 1 0 0 0 0 0 0 0 0 0 0 0 0 0 0 0 0 0 0 0	     4.0
1	0	0	0	1 	1 0 0 0 	0 2 0 0 	 1 0 0 0 0 0 0 0 0 0 0 0 0 0 0 0 0 0 0 0	 0 1 0 0 1 0 0 0 0 0 0 0 0 1 0 0 0 0 0 0	 0 1 0 0 0 0 0 0 0 0 0 0 0 0 0 0 0 0 0 0	     4.9
2	0	0	3	1 	0 0 0 1 	1 6 1 1 	 1 0 0 0 0 0 0 0 0 0 0 0 0 0 0 0 0 0 0 0	 0 1 0 0 1 0 0 0 0 0 0 0 0 0 0 0 0 0 1 0	 0 1 0 0 0 0 0 0 0 0 0 0 0 0 0 0 0 0 0 0	     9.1
2	0	0	3	1 	0 0 0 1 	1 6 1 1 	 0 1 0 0 0 0 0 0 0 0 0 0 0 0 0 0 0 0 0 0	 0 1 0 0 1 0 0 0 1 0 0 0 0 0 0 0 0 1 1 1	 0 1 0 0 0 0 0 0 0 0 0 0 0 0 0 0 0 0 0 0	     4.8
2	0	0	3	1 	0 0 0 1 	1 6 1 1 	 1 0 0 0 0 0 0 0 0 0 0 0 0 0 0 0 0 0 0 0	 0 1 0 0 1 0 0 0 1 0 0 0 0 0 0 0 0 0 1 0	 0 1 0 0 0 0 0 0 0 0 0 0 0 0 0 0 0 0 0 0	     7.3
2	0	0	3	1 	0 0 0 1 	1 6 1 1 	 0 1 0 0 0 0 0 0 0 0 0 0 0 0 0 0 0 0 0 0	 0 1 0 0 1 0 0 0 1 0 0 0 0 0 0 0 0 1 1 1	 0 1 0 0 0 0 0 0 0 0 0 0 0 0 0 0 0 0 0 0	     3.3
1	0	0	1	1 	0 1 0 0 	1 6 3 1 	 1 0 0 0 0 0 0 0 0 0 0 0 0 0 0 0 0 0 0 0	 0 0 0 0 0 0 1 0 0 0 0 0 0 0 0 0 0 0 0 0	 0 0 0 0 0 0 1 0 0 0 0 0 0 0 0 0 0 0 0 0	    18.5
1	0	0	1	1 	0 1 0 0 	4 6 3 1 	 0 1 0 0 0 0 0 0 0 0 0 0 0 0 0 0 0 0 0 0	 0 0 0 0 0 0 1 0 0 0 0 0 0 0 0 0 0 0 0 0	 0 0 0 0 0 0 1 0 0 0 0 0 0 0 0 0 0 0 0 0	    16.2
1	0	0	2	1 	0 0 1 0 	4 6 3 1 	 1 0 0 0 0 0 0 0 0 0 0 0 0 0 0 0 0 0 0 0	 0 0 0 1 0 0 0 0 0 0 0 0 0 0 0 0 0 0 0 0	 0 0 0 1 0 0 0 0 0 0 0 0 0 0 0 0 0 0 0 0	    11.6
2	0	0	2	1 	0 0 1 0 	4 6 3 1 	 0 0 0 1 0 0 0 0 0 0 0 0 0 0 0 0 0 0 0 0	 0 0 0 1 0 0 1 0 0 1 0 0 0 0 0 0 1 1 0 1	 0 0 0 1 0 0 0 0 0 0 0 0 0 0 0 0 0 0 0 0	     0.5
5	0	0	2	1 	0 0 1 0 	4 6 3 1 	 0 0 0 1 0 0 0 0 0 0 0 0 0 0 0 0 0 0 0 0	 0 0 0 1 0 0 1 0 0 1 0 0 0 0 0 0 1 1 0 1	 0 0 0 1 0 0 0 0 0 0 0 0 0 0 0 0 0 0 0 0	     1.5
1	0	0	0	1 	1 0 0 0 	4 6 3 2 	 1 0 0 0 0 0 0 0 0 0 0 0 0 0 0 0 0 0 0 0	 0 0 0 0 1 0 0 0 0 0 0 0 0 1 0 0 0 0 0 0	 0 0 0 0 1 0 0 0 0 0 0 0 0 0 0 0 0 0 0 0	    24.2
3	0	0	0	1 	1 0 0 0 	4 6 3 2 	 0 1 0 0 0 0 0 0 0 0 0 0 0 0 0 0 0 0 0 0	 0 0 0 0 1 1 0 0 0 0 0 0 0 1 0 0 0 0 0 1	 0 0 0 0 1 0 0 0 0 0 0 0 0 0 0 0 0 0 0 0	    13.0
6	0	0	3	1 	0 0 0 1 	4 9 3 3 	 0 0 1 0 0 0 0 0 0 0 0 0 0 0 0 0 0 0 0 0	 0 0 0 1 1 1 0 0 1 0 0 0 0 0 0 0 0 1 1 1	 0 0 0 1 0 0 0 0 0 0 0 0 0 0 0 0 0 0 0 0	     7.8
3	0	0	0	1 	1 0 0 0 	5 9 3 3 	 0 1 0 0 0 0 0 0 0 0 0 0 0 0 0 0 0 0 0 0	 0 0 0 0 1 1 0 0 0 0 0 0 0 1 0 0 0 0 0 1	 0 0 0 0 0 1 0 0 0 0 0 0 0 0 0 0 0 0 0 0	    28.5
1	1	0	1	1 	0 1 0 0 	5 9 4 4 	 0 0 0 0 0 1 0 0 0 0 0 0 0 0 0 0 0 0 0 0	 0 1 0 0 0 0 1 0 0 0 0 0 0 0 0 0 0 1 1 1	 0 0 0 0 0 0 0 0 0 0 0 0 0 0 0 0 0 0 0 1	    27.6
1	1	0	1	1 	0 1 0 0 	5 9 4 4 	 0 0 0 0 0 1 0 0 0 0 0 0 0 0 0 0 0 0 0 0	 0 1 0 0 0 0 1 0 0 0 0 0 0 0 0 0 0 1 1 1	 0 0 0 0 0 0 0 0 0 0 0 0 0 0 0 0 0 0 0 1	    26.5
1	1	0	1	1 	0 1 0 0 	5 9 4 4 	 0 0 0 0 0 0 1 0 0 0 0 0 0 0 0 0 0 0 0 0	 0 1 0 0 0 0 1 0 0 0 0 0 0 0 0 0 0 1 1 1	 0 0 0 0 0 0 0 0 0 0 0 0 0 0 0 0 0 0 0 1	    22.1
3	1	0	1	1 	0 1 0 0 	5 9 4 4 	 0 0 0 0 0 0 1 0 0 0 0 0 0 0 0 0 0 0 0 0	 0 1 0 1 0 0 0 0 0 1 0 0 0 0 0 1 0 1 1 1	 0 0 0 0 0 0 0 0 0 0 0 0 0 0 0 0 0 0 0 1	    17.4
3	1	0	1	1 	0 1 0 0 	5 9 4 4 	 0 0 0 0 0 0 0 0 0 1 0 0 0 0 0 0 0 0 0 0	 0 1 0 1 1 1 0 1 0 1 0 0 0 0 0 1 0 1 1 1	 0 0 0 0 0 0 0 0 0 0 0 0 0 0 0 0 0 0 0 1	     5.0
1	1	0	1	1 	0 1 0 0 	5 9 4 4 	 0 0 0 0 0 0 0 0 0 1 0 0 0 0 0 0 0 0 0 0	 0 1 0 1 1 1 0 1 0 0 0 0 0 0 0 1 0 1 1 1	 0 0 0 0 0 0 0 0 0 0 0 0 0 0 0 0 0 0 0 1	     2.3
5	0	0	0	1 	1 0 0 0 	6 9 6 5 	 0 0 0 0 0 1 0 0 0 0 0 0 0 0 0 0 0 0 0 0	 0 1 0 0 0 0 1 1 0 0 0 0 1 1 0 1 1 0 1 1	 0 0 0 0 0 0 1 0 0 0 0 0 0 0 0 0 0 0 0 0	    10.2
7	0	0	2	1 	0 0 1 0 	6 9 6 5 	 0 0 0 1 0 0 0 0 0 0 0 0 0 0 0 0 0 0 0 0	 0 1 0 0 0 0 1 0 0 1 0 0 1 0 1 0 1 1 0 1	 0 0 0 0 0 0 1 0 0 0 0 0 0 0 0 0 0 0 0 0	    14.6
7	0	0	2	1 	0 0 1 0 	6 9 6 5 	 0 0 0 0 0 1 0 0 0 0 0 0 0 0 0 0 0 0 0 0	 0 1 1 0 0 0 1 0 0 1 0 0 1 0 1 0 1 1 0 1	 0 0 0 0 0 0 1 0 0 0 0 0 0 0 0 0 0 0 0 0	     8.3
7	0	0	2	1 	0 0 1 0 	6 8 6 5 	 0 0 0 0 0 0 1 0 0 0 0 0 0 0 0 0 0 0 0 0	 0 1 1 0 0 0 1 0 0 1 0 0 1 0 1 0 1 1 0 1	 0 0 0 0 0 0 1 0 0 0 0 0 0 0 0 0 0 0 0 0	     7.6
6	0	0	3	1 	0 0 0 1 	6 8 6 5 	 0 1 0 0 0 0 0 0 0 0 0 0 0 0 0 0 0 0 0 0	 0 0 0 1 1 1 0 0 1 0 0 0 0 0 0 0 0 1 1 1	 0 0 0 0 0 1 0 0 0 0 0 0 0 0 0 0 0 0 0 0	    35.4
5	0	0	3	1 	0 0 0 1 	6 8 6 5 	 0 0 0 0 1 0 0 0 0 0 0 0 0 0 0 0 0 0 0 0	 0 1 1 0 0 1 0 0 1 0 0 0 1 0 0 0 1 1 1 1	 0 0 0 0 0 1 0 0 0 0 0 0 0 0 0 0 0 0 0 0	    10.3
1	1	0	1	1 	0 1 0 0 	7 8 6 5 	 0 0 1 0 0 0 0 0 0 0 0 0 0 0 0 0 0 0 0 0	 0 1 0 0 0 0 1 0 0 0 0 0 0 0 0 0 0 0 1 0	 0 0 0 0 0 0 0 0 0 0 0 0 0 0 0 0 0 0 1 0	    54.6
1	1	0	1	1 	0 1 0 0 	7 8 6 5 	 0 0 0 0 0 0 0 0 0 1 0 0 0 0 0 0 0 0 0 0	 0 1 0 1 1 1 0 1 0 0 0 0 0 0 0 1 0 1 1 1	 0 0 0 0 0 0 0 0 0 0 0 0 0 0 0 0 0 0 1 0	    21.6
7	1	0	1	1 	0 1 0 0 	7 8 6 5 	 0 0 0 0 0 0 0 0 0 0 0 0 0 0 0 0 0 0 1 0	 1 1 0 1 1 1 0 1 0 0 0 1 0 1 1 1 1 1 1 1	 0 0 0 0 0 0 0 0 0 0 0 0 0 0 0 0 0 0 1 0	     0.5
5	0	0	3	1 	0 0 0 1 	7 8 7 5 	 0 0 0 0 1 0 0 0 0 0 0 0 0 0 0 0 0 0 0 0	 0 1 1 0 0 1 0 0 1 0 0 0 1 0 0 0 1 1 1 1	 0 0 0 0 0 1 0 0 0 0 0 0 0 0 0 0 0 0 0 0	    15.9
1	0	0	0	1 	1 0 0 0 	7 8 7 5 	 0 0 0 0 1 0 0 0 0 0 0 0 0 0 0 0 0 0 0 0	 0 0 0 0 0 1 0 1 0 0 0 0 1 1 0 1 0 0 1 1	 0 0 0 0 0 0 0 1 0 0 0 0 0 0 0 0 0 0 0 0	    38.8
17	1	0	1	1 	0 1 0 0 	7 8 7 6 	 0 0 0 0 0 0 0 0 0 0 0 0 0 0 0 0 0 0 1 0	 1 1 0 1 1 1 0 1 0 0 0 1 0 1 1 1 1 1 1 1	 0 0 0 0 0 0 0 0 0 0 0 0 0 0 0 0 0 0 1 0	     4.9
8	0	0	3	1 	0 0 0 1 	8 8 9 6 	 0 0 0 0 0 0 1 0 0 0 0 0 0 0 0 0 0 0 0 0	 0 1 1 0 1 1 1 1 1 1 0 0 1 0 1 1 1 1 1 1	 0 0 0 0 0 0 1 0 0 0 0 0 0 0 0 0 0 0 0 0	     2.5
7	1	0	2	1 	0 0 1 0 	8 8 9 6 	 0 0 0 0 0 0 1 0 0 0 0 0 0 0 0 0 0 0 0 0	 0 1 1 0 0 1 0 1 0 1 0 0 1 1 1 0 1 1 1 1	 0 0 0 0 0 0 0 0 0 0 0 0 0 0 0 0 0 0 0 1	    32.6
6	1	0	2	1 	0 0 1 0 	8 8 9 6 	 0 0 0 0 0 0 0 1 0 0 0 0 0 0 0 0 0 0 0 0	 0 1 1 0 1 1 0 0 0 1 0 0 1 1 1 0 1 1 1 1	 0 0 0 0 0 0 0 0 0 0 0 0 0 0 0 0 0 0 0 1	    20.0
3	1	0	1	1 	0 1 0 0 	9 7 9 6 	 0 0 0 0 0 0 1 0 0 0 0 0 0 0 0 0 0 0 0 0	 0 1 0 1 0 0 0 0 0 1 0 0 0 0 0 1 0 1 1 1	 0 0 0 0 0 0 0 0 0 0 0 0 0 0 0 0 0 1 0 0	    66.9
19	1	0	1	1 	0 1 0 0 	9 7 9 6 	 0 0 0 0 0 0 0 0 0 0 0 0 0 0 0 0 0 0 0 1	 1 1 0 1 1 1 0 1 0 0 0 1 0 1 1 1 1 1 1 0	 0 0 0 0 0 0 0 0 0 0 0 0 0 0 0 0 0 1 0 0	    46.7
19	1	0	1	1 	0 1 0 0 	9 7 9 6 	 0 0 0 0 0 0 0 0 0 0 0 0 0 0 0 0 0 0 1 0	 1 1 1 1 1 1 0 1 0 0 0 1 0 1 1 1 1 1 0 1	 0 0 0 0 0 0 0 0 0 0 0 0 0 0 0 0 0 1 0 0	    13.8
16	1	0	1	1 	0 1 0 0 	9 7 9 6 	 0 0 0 0 0 0 0 0 0 0 0 0 0 0 0 0 0 1 0 0	 1 1 1 1 1 1 0 1 0 0 0 1 0 1 1 1 1 1 0 1	 0 0 0 0 0 0 0 0 0 0 0 0 0 0 0 0 0 1 0 0	     1.5
9	1	0	0	1 	1 0 0 0 	9 7 9 6 	 0 0 0 0 0 0 0 1 0 0 0 0 0 0 0 0 0 0 0 0	 0 1 1 1 1 1 0 0 1 1 0 0 1 1 0 1 1 0 1 1	 0 0 0 0 0 0 0 0 0 0 0 0 0 0 0 0 0 0 0 1	    28.1
9	1	0	0	1 	1 0 0 0 	9 7 9 6 	 0 0 0 0 0 0 0 1 0 0 0 0 0 0 0 0 0 0 0 0	 0 1 1 1 1 1 0 0 1 1 0 0 1 1 0 1 1 0 1 1	 0 0 0 0 0 0 0 0 0 0 0 0 0 0 0 0 0 0 0 1	    21.8
1	1	0	0	1 	1 0 0 0 	9 7 9 6 	 0 0 0 0 0 0 0 0 0 1 0 0 0 0 0 0 0 0 0 0	 0 1 1 1 1 1 0 0 0 0 0 0 1 1 0 1 1 0 1 1	 0 0 0 0 0 0 0 0 0 0 0 0 0 0 0 0 0 0 0 1	     1.7
1	1	0	0	1 	1 0 0 0 	9 7 9 6 	 0 0 0 0 0 0 0 0 0 1 0 0 0 0 0 0 0 0 0 0	 0 1 1 1 1 1 0 0 0 0 0 0 1 1 0 1 1 0 1 1	 0 0 0 0 0 0 0 0 0 0 0 0 0 0 0 0 0 0 0 1	     0.0
5	1	0	2	1 	0 0 1 0 	9 7 9 6 	 0 0 0 0 0 0 0 0 0 0 0 0 0 0 0 0 0 0 0 1	 1 1 1 1 1 1 0 0 0 0 0 1 1 1 1 0 1 1 1 1	 0 0 0 0 0 0 0 0 0 0 0 0 0 0 0 0 0 0 0 1	     2.8
5	1	0	2	1 	0 0 1 0 	9 7 9 6 	 0 0 0 0 0 0 0 0 0 0 0 0 0 0 0 0 0 0 0 1	 1 1 1 1 1 1 0 0 0 0 0 1 1 1 1 0 1 1 1 1	 0 0 0 0 0 0 0 0 0 0 0 0 0 0 0 0 0 0 0 1	     1.2
5	1	0	2	1 	0 0 1 0 	9 7 9 6 	 0 0 0 0 0 0 0 0 0 0 0 0 0 0 0 0 0 0 0 1	 1 1 1 1 1 1 0 0 0 0 0 1 1 1 1 0 1 1 1 1	 0 0 0 0 0 0 0 0 0 0 0 0 0 0 0 0 0 0 0 1	     0.8
28	1	0	1	1 	0 1 0 0 	9 7 9 7 	 0 0 0 0 0 0 0 0 0 0 0 0 0 0 0 0 0 1 0 0	 1 1 1 1 1 1 0 1 1 0 0 1 1 1 1 1 1 1 0 1	 0 0 0 0 0 0 0 0 0 0 0 0 0 0 0 0 0 1 0 0	     4.1
1	1	0	0	1 	1 0 0 0 	8 7 8 7 	 0 0 0 0 0 0 0 0 1 0 0 0 0 0 0 0 0 0 0 0	 0 1 1 1 1 1 0 0 0 1 0 0 1 1 0 1 1 0 1 1	 0 0 0 0 0 0 0 0 0 0 0 0 0 0 0 0 0 0 1 0	    27.5
11	1	0	2	1 	0 0 1 0 	8 7 8 7 	 0 0 0 0 0 0 0 0 0 0 0 0 0 0 0 0 0 0 1 0	 1 1 1 1 1 1 0 1 0 0 0 1 1 1 1 1 1 1 1 0	 0 0 0 0 0 0 0 0 0 0 0 0 0 0 0 0 0 0 1 0	     1.4
28	1	0	1	1 	0 1 0 0 	8 7 8 7 	 0 0 0 0 0 0 0 0 0 0 0 0 0 0 0 0 0 1 0 0	 1 1 1 1 1 1 0 1 1 0 0 1 1 1 1 1 1 1 0 1	 0 0 0 0 0 0 0 0 0 0 0 0 0 0 0 0 0 1 0 0	     5.5
9	1	0	0	1 	1 0 0 0 	7 6 7 9 	 0 0 0 0 0 0 0 0 0 0 0 0 0 0 0 0 0 1 0 0	 1 1 1 1 1 1 0 0 0 0 0 1 1 1 0 1 1 1 1 1	 0 0 0 0 0 0 0 0 0 0 0 0 0 0 0 0 0 1 0 0	     3.4
7	1	0	2	1 	0 0 1 0 	7 6 7 9 	 0 0 0 0 0 0 0 0 0 0 0 0 0 0 0 0 0 1 0 0	 1 1 1 1 1 1 0 1 0 0 0 1 1 1 1 1 1 1 0 0	 0 0 0 0 0 0 0 0 0 0 0 0 0 0 0 0 0 1 0 0	     2.3
28	1	0	1	1 	0 1 0 0 	7 6 7 9 	 0 0 0 0 0 0 0 0 0 0 0 0 0 0 0 0 0 1 0 0	 1 1 1 1 1 1 0 1 1 0 0 1 1 1 1 1 1 0 0 1	 0 0 0 0 0 0 0 0 0 0 0 0 0 0 0 0 1 0 0 0	    31.5
23	1	0	1	1 	0 1 0 0 	7 6 7 9 	 0 0 0 0 0 0 0 0 0 0 0 0 0 0 0 0 1 0 0 0	 1 1 1 1 1 1 0 1 1 0 0 1 1 1 1 1 1 0 0 1	 0 0 0 0 0 0 0 0 0 0 0 0 0 0 0 0 1 0 0 0	     3.2
16	1	0	3	1 	0 0 0 1 	7 6 7 9 	 0 0 0 0 0 0 0 0 1 0 0 0 0 0 0 0 0 0 0 0	 1 1 1 1 1 1 0 0 0 1 0 0 1 0 1 1 1 1 1 1	 0 0 0 0 0 0 0 0 0 0 0 0 0 0 0 0 0 0 0 1	    15.7
16	1	0	3	1 	0 0 0 1 	7 6 7 9 	 0 0 0 0 0 0 0 0 0 1 0 0 0 0 0 0 0 0 0 0	 1 1 1 1 1 1 0 0 0 1 0 0 1 0 1 1 1 1 1 1	 0 0 0 0 0 0 0 0 0 0 0 0 0 0 0 0 0 0 0 1	    11.0
16	1	0	3	1 	0 0 0 1 	7 6 7 9 	 0 0 0 0 0 0 0 0 1 0 0 0 0 0 0 0 0 0 0 0	 1 1 1 1 1 1 0 0 0 1 0 0 1 0 1 1 1 1 1 1	 0 0 0 0 0 0 0 0 0 0 0 0 0 0 0 0 0 0 0 1	    16.1
4	1	0	3	1 	0 0 0 1 	6 6 7 9 	 0 0 0 0 0 0 0 0 0 0 0 0 0 0 0 0 0 0 0 1	 1 1 1 1 1 1 1 0 0 0 0 1 1 0 1 1 1 1 1 1	 0 0 0 0 0 0 0 0 0 0 0 0 0 0 0 0 0 0 0 1	     0.1
6	1	0	2	1 	0 0 1 0 	6 6 7 9 	 0 0 0 0 0 0 0 0 0 0 0 0 0 0 0 0 0 1 0 0	 1 1 1 1 1 1 0 1 0 0 0 1 1 1 1 1 1 0 0 1	 0 0 0 0 0 0 0 0 0 0 0 0 0 0 0 0 1 0 0 0	    10.2
6	1	0	2	1 	0 0 1 0 	6 6 7 9 	 0 0 0 0 0 0 0 0 0 0 0 0 0 0 0 0 0 1 0 0	 1 1 1 1 1 1 0 1 0 0 0 1 1 1 1 1 1 0 1 1	 0 0 0 0 0 0 0 0 0 0 0 0 0 0 0 0 1 0 0 0	     7.5
26	1	0	1	1 	0 1 0 0 	6 6 6 9 	 0 0 0 0 0 0 0 0 0 0 0 0 0 0 0 0 1 0 0 0	 1 1 1 1 1 1 0 1 1 0 0 1 1 1 1 1 1 0 0 1	 0 0 0 0 0 0 0 0 0 0 0 0 0 0 0 0 1 0 0 0	     6.8
2	1	0	0	1 	1 0 0 0 	5 6 6 9 	 0 0 0 0 0 0 1 0 0 0 0 0 0 0 0 0 0 0 0 0	 0 1 1 0 1 1 0 1 0 0 0 0 1 1 0 1 1 0 1 1	 0 0 0 0 0 0 0 0 0 0 0 0 0 0 0 1 0 0 0 0	    94.6
9	1	0	0	1 	1 0 0 0 	5 6 6 9 	 0 0 0 0 0 0 0 1 0 0 0 0 0 0 0 0 0 0 0 0	 0 1 1 1 1 1 0 0 1 1 0 0 1 1 0 1 1 0 1 1	 0 0 0 0 0 0 0 0 0 0 0 0 0 0 0 1 0 0 0 0	    76.2
9	1	0	0	1 	1 0 0 0 	5 6 6 9 	 0 0 0 0 0 0 0 0 0 0 0 0 0 0 0 0 0 0 0 1	 1 1 1 1 1 1 0 0 0 0 0 1 1 1 0 1 1 1 1 0	 0 0 0 0 0 0 0 0 0 0 0 0 0 0 0 1 0 0 0 0	    42.8
9	1	0	0	1 	1 0 0 0 	5 6 6 9 	 0 0 0 0 0 0 0 0 0 0 0 0 0 0 0 0 0 0 1 0	 1 1 1 1 1 1 0 0 0 0 0 1 1 1 0 1 1 1 0 0	 0 0 0 0 0 0 0 0 0 0 0 0 0 0 0 1 0 0 0 0	    35.5
9	1	0	0	1 	1 0 0 0 	5 6 6 9 	 0 0 0 0 0 0 0 0 0 0 0 0 0 0 0 0 0 1 0 0	 1 1 1 1 1 1 0 0 0 0 0 1 1 1 0 1 1 1 1 1	 0 0 0 0 0 0 0 0 0 0 0 0 0 0 0 1 0 0 0 0	    25.3
2	1	0	0	1 	1 0 0 0 	5 6 6 9 	 0 0 0 0 0 0 0 0 0 0 0 0 0 0 0 0 1 0 0 0	 1 1 1 1 1 1 1 0 0 0 0 1 1 1 0 1 0 0 1 1	 0 0 0 0 0 0 0 0 0 0 0 0 0 0 0 1 0 0 0 0	     8.2
9	1	0	3	1 	0 0 0 1 	5 6 5 9 	 0 0 0 0 0 0 0 0 0 0 0 0 0 0 0 0 0 0 0 1	 1 1 1 1 1 1 1 0 0 0 0 1 1 1 1 1 1 1 1 1	 0 0 0 0 0 0 0 0 0 0 0 0 0 0 0 0 0 0 0 1	     7.9
9	1	0	3	1 	0 0 0 1 	5 6 5 9 	 0 0 0 0 0 0 0 0 0 0 0 0 0 0 0 0 0 0 0 1	 1 1 1 1 1 1 1 0 0 0 0 1 1 1 1 1 1 1 1 1	 0 0 0 0 0 0 0 0 0 0 0 0 0 0 0 0 0 0 0 1	     5.2
9	1	0	2	1 	0 0 1 0 	5 5 5 9 	 0 0 0 0 0 0 0 0 0 0 0 0 0 0 0 1 0 0 0 0	 1 1 1 1 1 1 0 1 0 0 0 1 1 1 1 1 0 1 1 1	 0 0 0 0 0 0 0 0 0 0 0 0 0 0 0 1 0 0 0 0	     3.7
12	1	0	3	1 	0 0 0 1 	5 4 5 8 	 0 0 0 0 0 0 0 0 0 0 0 0 0 0 0 0 0 0 0 1	 1 1 1 1 1 1 1 0 1 0 0 1 1 1 1 1 1 1 1 0	 0 0 0 0 0 0 0 0 0 0 0 0 0 0 0 0 0 0 1 0	     6.2
14	1	0	3	1 	0 0 0 1 	3 4 4 8 	 0 0 0 0 0 0 0 0 0 0 0 0 0 0 0 0 0 0 1 0	 1 1 1 1 1 1 1 0 1 0 0 1 1 1 1 1 1 1 1 0	 0 0 0 0 0 0 0 0 0 0 0 0 0 0 0 0 0 0 1 0	     0.4
7	1	0	2	1 	0 0 1 0 	3 4 4 8 	 0 0 0 1 0 0 0 0 0 0 0 0 0 0 0 0 0 0 0 0	 0 1 0 0 0 0 1 0 0 1 0 0 1 0 1 0 1 1 0 1	 0 0 0 0 0 0 0 0 0 0 0 0 0 0 1 0 0 0 0 0	   131.6
6	1	0	2	1 	0 0 1 0 	3 4 4 8 	 0 0 0 0 0 0 0 1 0 0 0 0 0 0 0 0 0 0 0 0	 0 1 1 0 1 1 0 0 0 1 0 0 1 1 1 0 1 1 1 1	 0 0 0 0 0 0 0 0 0 0 0 0 0 0 1 0 0 0 0 0	   100.8
11	1	0	2	1 	0 0 1 0 	3 4 4 8 	 0 0 0 0 0 0 0 0 0 0 0 0 0 0 0 0 0 0 0 1	 1 1 1 1 1 1 0 1 0 0 0 1 1 1 1 1 1 1 1 0	 0 0 0 0 0 0 0 0 0 0 0 0 0 0 1 0 0 0 0 0	    65.5
17	1	0	1	1 	0 1 0 0 	3 4 4 8 	 0 0 0 0 0 0 0 0 0 0 0 0 0 0 0 0 0 0 1 0	 1 1 0 1 1 1 0 1 0 0 0 1 0 1 1 1 1 1 1 1	 0 0 0 0 0 0 0 0 0 0 0 0 0 0 1 0 0 0 0 0	    94.3
26	1	0	1	1 	0 1 0 0 	3 4 4 8 	 0 0 0 0 0 0 0 0 0 0 0 0 0 0 0 0 0 1 0 0	 1 1 1 1 1 1 0 1 1 0 0 1 1 1 1 1 1 0 0 1	 0 0 0 0 0 0 0 0 0 0 0 0 0 0 1 0 0 0 0 0	    76.0
26	1	0	1	1 	0 1 0 0 	3 4 4 8 	 0 0 0 0 0 0 0 0 0 0 0 0 0 0 0 0 1 0 0 0	 1 1 1 1 1 1 0 1 1 0 0 1 1 1 1 1 1 0 0 1	 0 0 0 0 0 0 0 0 0 0 0 0 0 0 1 0 0 0 0 0	    33.0
23	1	0	1	1 	0 1 0 0 	3 4 4 8 	 0 0 0 0 0 0 0 0 0 0 0 0 0 0 1 0 0 0 0 0	 1 1 1 1 1 1 1 1 1 0 0 1 1 1 1 0 0 1 1 1	 0 0 0 0 0 0 0 0 0 0 0 0 0 0 1 0 0 0 0 0	     7.9
9	1	0	0	1 	1 0 0 0 	3 4 4 8 	 0 0 0 0 0 0 0 1 0 0 0 0 0 0 0 0 0 0 0 0	 0 1 1 1 1 1 0 0 1 1 0 0 1 1 0 1 1 0 1 1	 0 0 0 0 0 0 0 0 0 0 0 0 0 1 0 0 0 0 0 0	   100.9
2	1	0	0	1 	1 0 0 0 	3 4 4 8 	 0 0 0 0 0 0 0 0 1 0 0 0 0 0 0 0 0 0 0 0	 0 1 1 1 1 1 0 0 0 1 0 0 1 1 0 1 1 0 1 1	 0 0 0 0 0 0 0 0 0 0 0 0 0 1 0 0 0 0 0 0	    91.0
9	1	0	0	1 	1 0 0 0 	3 4 4 8 	 0 0 0 0 0 0 0 0 0 0 0 0 0 0 0 0 0 0 1 0	 1 1 1 1 1 1 0 0 0 0 0 1 1 1 0 1 1 1 0 0	 0 0 0 0 0 0 0 0 0 0 0 0 0 1 0 0 0 0 0 0	    62.3
25	1	0	3	1 	0 0 0 1 	3 4 4 8 	 0 0 0 0 0 0 0 0 0 0 0 0 0 0 0 0 0 0 1 0	 1 1 1 1 1 1 1 0 1 0 0 1 1 1 1 1 1 1 1 0	 0 0 0 0 0 0 0 0 0 0 0 0 0 0 0 0 0 0 1 0	     5.5
22	1	0	2	1 	0 0 1 0 	3 4 3 7 	 0 0 0 0 0 0 0 0 0 0 0 0 0 1 0 0 0 0 0 0	 1 1 1 1 1 1 0 1 0 0 0 1 1 1 0 1 1 1 1 1	 0 0 0 0 0 0 0 0 0 0 0 0 0 1 0 0 0 0 0 0	     2.7
3	1	0	1	1 	0 1 0 0 	3 3 3 7 	 0 0 0 0 0 0 0 0 0 0 0 0 0 0 1 0 0 0 0 0	 1 1 1 1 1 1 1 1 1 0 0 1 1 1 0 1 0 1 1 1	 0 0 0 0 0 0 0 0 0 0 0 0 0 1 0 0 0 0 0 0	    22.0
21	1	0	1	1 	0 1 0 0 	2 3 3 7 	 0 0 0 0 0 0 0 0 0 0 0 0 0 0 1 0 0 0 0 0	 1 1 1 1 1 1 1 1 1 0 0 1 1 1 0 1 0 1 1 1	 0 0 0 0 0 0 0 0 0 0 0 0 0 1 0 0 0 0 0 0	    12.0
3	1	0	0	1 	1 0 0 0 	2 3 3 7 	 0 0 0 0 1 0 0 0 0 0 0 0 0 0 0 0 0 0 0 0	 0 0 0 0 1 1 0 0 0 0 0 0 1 1 0 1 0 0 0 1	 0 0 0 0 0 0 0 0 0 0 0 0 1 0 0 0 0 0 0 0	   176.2
1	1	0	0	1 	1 0 0 0 	2 3 3 7 	 0 0 0 0 0 0 0 0 0 1 0 0 0 0 0 0 0 0 0 0	 0 1 1 1 1 1 0 0 0 0 0 0 1 1 0 1 1 0 1 1	 0 0 0 0 0 0 0 0 0 0 0 0 1 0 0 0 0 0 0 0	   103.9
20	1	0	3	1 	0 0 0 1 	2 2 3 6 	 0 0 0 0 0 0 0 0 0 0 0 0 0 0 0 0 0 0 1 0	 1 1 1 1 1 1 1 0 1 0 0 1 1 1 1 1 1 1 1 0	 0 0 0 0 0 0 0 0 0 0 0 0 0 0 0 0 1 0 0 0	    39.0
7	1	0	3	1 	0 0 0 1 	2 2 3 6 	 0 0 0 0 0 0 0 0 0 0 0 0 0 0 0 0 0 1 0 0	 1 1 1 1 1 1 1 1 1 0 0 1 1 1 1 1 1 0 0 1	 0 0 0 0 0 0 0 0 0 0 0 0 0 0 0 0 1 0 0 0	    12.9
15	1	0	2	1 	0 0 1 0 	2 2 2 6 	 0 0 0 0 0 0 0 0 0 0 0 0 0 0 0 0 0 0 1 0	 1 1 1 1 1 1 0 1 0 0 0 1 1 1 1 1 1 1 0 0	 0 0 0 0 0 0 0 0 0 0 0 0 1 0 0 0 0 0 0 0	    94.5
9	1	0	2	1 	0 0 1 0 	2 2 2 6 	 0 0 0 0 0 0 0 0 0 0 0 0 0 0 0 0 1 0 0 0	 1 1 1 1 1 1 0 1 0 0 0 1 1 1 1 1 0 0 1 1	 0 0 0 0 0 0 0 0 0 0 0 0 1 0 0 0 0 0 0 0	    69.0
1	1	0	1	1 	0 1 0 0 	1 2 2 6 	 0 0 0 0 0 0 0 0 0 0 0 0 1 0 0 0 0 0 0 0	 1 1 1 1 1 1 1 1 1 0 0 1 1 0 0 1 1 1 1 1	 0 0 0 0 0 0 0 0 0 0 0 0 1 0 0 0 0 0 0 0	     3.8
12	1	0	3	1 	0 0 0 1 	1 2 2 5 	 0 0 0 0 0 0 0 0 0 0 0 0 0 0 0 0 0 0 0 1	 1 1 1 1 1 1 1 0 1 0 0 1 1 1 1 1 1 1 1 0	 0 0 0 0 0 0 0 0 0 0 0 0 0 0 0 1 0 0 0 0	    72.3
18	1	0	3	1 	0 0 0 1 	0 2 1 5 	 0 0 0 0 0 0 0 0 0 0 0 0 0 0 0 1 0 0 0 0	 1 1 1 1 1 1 1 1 1 0 0 1 1 1 1 1 0 1 1 1	 0 0 0 0 0 0 0 0 0 0 0 0 0 0 0 1 0 0 0 0	     6.8
1	1	0	1	1 	0 1 0 0 	0 2 1 5 	 0 0 0 0 0 0 0 0 0 0 0 0 1 0 0 0 0 0 0 0	 1 1 1 1 1 1 1 1 1 0 0 1 1 0 0 1 1 1 1 1	 0 0 0 0 0 0 0 0 0 0 0 0 1 0 0 0 0 0 0 0	    21.4
20	1	0	3	1 	0 0 0 1 	0 2 0 5 	 0 0 0 0 0 0 0 0 0 0 0 0 0 0 0 1 0 0 0 0	 1 1 1 1 1 1 1 1 1 0 0 1 1 1 1 1 0 1 1 1	 0 0 0 0 0 0 0 0 0 0 0 0 0 0 0 1 0 0 0 0	     8.1
1	0	0	2	1 	0 0 1 0 	1 2 0 5 	 0 0 0 0 0 0 0 0 0 1 0 0 0 0 0 0 0 0 0 0	 1 1 1 1 1 1 0 0 0 0 0 0 1 1 1 0 1 1 1 1	 1 0 0 0 0 0 0 0 0 0 0 0 0 0 0 0 0 0 0 0	   166.3
5	0	0	0	1 	1 0 0 0 	1 2 0 5 	 0 0 0 0 0 1 0 0 0 0 0 0 0 0 0 0 0 0 0 0	 0 1 0 0 0 0 1 1 0 0 0 0 1 1 0 1 1 0 1 1	 0 1 0 0 0 0 0 0 0 0 0 0 0 0 0 0 0 0 0 0	   210.3
1	0	0	0	1 	1 0 0 0 	1 2 0 5 	 0 0 0 0 0 0 1 0 0 0 0 0 0 0 0 0 0 0 0 0	 0 1 1 0 1 1 0 1 0 0 0 0 1 1 0 1 1 0 1 1	 0 1 0 0 0 0 0 0 0 0 0 0 0 0 0 0 0 0 0 0	   198.0
4	0	0	0	1 	1 0 0 0 	1 2 0 5 	 0 0 0 0 0 0 1 0 0 0 0 0 0 0 0 0 0 0 0 0	 0 1 1 1 1 1 0 1 0 1 0 0 1 1 0 1 1 0 1 1	 0 1 0 0 0 0 0 0 0 0 0 0 0 0 0 0 0 0 0 0	   190.0
9	0	0	0	1 	1 0 0 0 	1 2 0 5 	 0 0 0 0 0 0 0 0 0 0 0 0 0 0 0 0 0 0 1 0	 1 1 1 1 1 1 0 0 0 0 0 1 1 1 0 1 1 1 1 0	 0 1 0 0 0 0 0 0 0 0 0 0 0 0 0 0 0 0 0 0	   142.1
9	0	0	0	1 	1 0 0 0 	1 2 0 5 	 0 0 0 0 0 0 0 0 0 0 0 0 0 0 0 0 0 1 0 0	 1 1 1 1 1 1 0 0 0 0 0 1 1 1 0 1 1 1 0 1	 0 1 0 0 0 0 0 0 0 0 0 0 0 0 0 0 0 0 0 0	   132.6
2	0	0	0	1 	1 0 0 0 	1 2 0 5 	 0 0 0 0 0 0 0 0 0 0 0 0 0 0 0 0 1 0 0 0	 1 1 1 1 1 1 1 0 0 0 0 1 1 1 0 1 0 0 1 1	 0 1 0 0 0 0 0 0 0 0 0 0 0 0 0 0 0 0 0 0	   114.1
20	0	0	0	1 	1 0 0 0 	1 2 0 5 	 0 0 0 0 0 0 0 0 0 0 0 0 0 0 0 1 0 0 0 0	 1 1 1 1 1 1 1 1 0 0 0 1 1 1 0 0 0 0 1 1	 0 1 0 0 0 0 0 0 0 0 0 0 0 0 0 0 0 0 0 0	   101.1
26	0	0	0	1 	1 0 0 0 	1 2 0 5 	 0 0 0 0 0 0 0 0 0 0 0 0 0 1 0 0 0 0 0 0	 1 1 1 1 1 1 1 1 0 0 0 1 1 0 0 1 1 0 1 1	 0 1 0 0 0 0 0 0 0 0 0 0 0 0 0 0 0 0 0 0	    70.3
28	0	0	0	1 	1 0 0 0 	1 2 0 5 	 0 0 0 0 0 0 0 0 0 0 0 0 0 1 0 0 0 0 0 0	 1 1 1 1 1 1 1 1 1 0 0 1 1 0 0 1 1 1 1 1	 0 1 0 0 0 0 0 0 0 0 0 0 0 0 0 0 0 0 0 0	    64.9
3	0	0	0	1 	1 0 0 0 	1 2 0 5 	 0 0 0 0 0 0 0 0 0 0 0 0 1 0 0 0 0 0 0 0	 1 1 1 1 1 1 1 1 1 0 0 1 0 0 0 1 1 1 1 1	 0 1 0 0 0 0 0 0 0 0 0 0 0 0 0 0 0 0 0 0	    52.3
15	0	0	0	1 	1 0 0 0 	1 2 0 5 	 0 0 0 0 0 0 0 0 0 0 0 1 0 0 0 0 0 0 0 0	 1 1 1 1 1 1 1 1 1 0 0 1 0 0 0 1 1 1 1 1	 0 1 0 0 0 0 0 0 0 0 0 0 0 0 0 0 0 0 0 0	    34.7
1	0	0	0	1 	1 0 0 0 	1 2 0 5 	 1 0 0 0 0 0 0 0 0 0 0 0 0 0 0 0 0 0 0 0	 0 1 1 1 1 1 1 1 1 0 0 0 0 0 0 1 1 1 1 1	 0 1 0 0 0 0 0 0 0 0 0 0 0 0 0 0 0 0 0 0	     6.6
1	0	0	0	1 	1 0 0 0 	1 2 0 5 	 0 1 0 0 0 0 0 0 0 0 0 0 0 0 0 0 0 0 0 0	 0 1 1 1 1 1 1 1 1 0 0 0 0 1 0 1 1 1 1 1	 0 1 0 0 0 0 0 0 0 0 0 0 0 0 0 0 0 0 0 0	     0.1
2	0	0	0	1 	1 0 0 0 	1 2 0 5 	 0 0 0 0 0 0 0 0 0 0 0 0 0 0 0 0 1 0 0 0	 1 1 1 1 1 1 1 0 0 0 0 1 1 1 0 1 0 0 1 1	 0 1 0 0 0 0 0 0 0 0 0 0 0 0 0 0 0 0 0 0	   113.7
28	0	0	0	1 	1 0 0 0 	1 2 0 5 	 0 0 0 0 0 0 0 0 0 0 0 0 0 1 0 0 0 0 0 0	 1 1 1 1 1 1 1 1 1 0 0 1 1 0 0 1 1 1 1 1	 0 1 0 0 0 0 0 0 0 0 0 0 0 0 0 0 0 0 0 0	    65.6
31	1	0	3	1 	0 0 0 1 	1 2 0 5 	 0 0 0 0 0 0 0 0 0 0 0 0 0 0 0 1 0 0 0 0	 1 1 1 1 1 1 1 1 1 0 0 1 1 1 1 1 1 1 1 1	 0 0 0 0 0 0 0 0 0 0 0 0 0 0 0 1 0 0 0 0	     1.8
3	0	0	2	1 	0 0 1 0 	1 0 1 5 	 1 0 0 0 0 0 0 0 0 0 0 0 0 0 0 0 0 0 0 0	 0 1 1 1 1 1 0 1 0 0 0 0 0 1 0 1 1 1 1 1	 0 1 0 0 0 0 0 0 0 0 0 0 0 0 0 0 0 0 0 0	     9.8
55	0	0	0	1 	1 0 0 0 	1 0 1 4 	 0 1 0 0 0 0 0 0 0 0 0 0 0 0 0 0 0 0 0 0	 0 1 1 1 1 1 1 1 1 1 0 0 0 1 1 1 1 1 1 1	 0 1 0 0 0 0 0 0 0 0 0 0 0 0 0 0 0 0 0 0	     6.9
12	0	0	2	1 	0 0 1 0 	1 0 2 4 	 0 0 0 0 0 0 0 0 0 0 0 0 1 0 0 0 0 0 0 0	 1 1 1 1 1 1 0 1 0 0 0 1 0 1 0 1 1 1 1 1	 0 0 1 0 0 0 0 0 0 0 0 0 0 0 0 0 0 0 0 0	    53.1
3	0	0	2	1 	0 0 1 0 	1 0 2 4 	 1 0 0 0 0 0 0 0 0 0 0 0 0 0 0 0 0 0 0 0	 0 1 1 1 1 1 0 1 0 0 0 0 0 1 0 1 1 1 1 1	 0 0 1 0 0 0 0 0 0 0 0 0 0 0 0 0 0 0 0 0	    21.6
56	0	0	0	1 	1 0 0 0 	1 0 2 4 	 0 1 0 0 0 0 0 0 0 0 0 0 0 0 0 0 0 0 0 0	 0 1 1 1 1 1 1 1 1 1 0 0 0 1 1 1 1 1 1 1	 0 1 0 0 0 0 0 0 0 0 0 0 0 0 0 0 0 0 0 0	     7.4
1	0	0	1	1 	0 1 0 0 	1 1 2 4 	 1 0 0 0 0 0 0 0 0 0 0 0 0 0 0 0 0 0 0 0	 0 1 1 1 1 1 1 1 1 0 0 0 1 0 1 1 1 1 1 1	 0 1 0 0 0 0 0 0 0 0 0 0 0 0 0 0 0 0 0 0	     8.9
1	0	0	1	1 	0 1 0 0 	1 1 2 4 	 1 0 0 0 0 0 0 0 0 0 0 0 0 0 0 0 0 0 0 0	 0 1 1 1 1 1 1 1 1 0 0 0 1 0 1 1 1 1 1 1	 0 1 0 0 0 0 0 0 0 0 0 0 0 0 0 0 0 0 0 0	     9.3
28	1	0	3	1 	0 0 0 1 	1 1 2 4 	 0 0 0 0 0 0 0 0 0 0 0 0 0 0 0 0 0 0 1 0	 1 1 1 1 1 1 1 0 1 0 0 1 1 1 1 1 1 1 0 1	 0 0 0 0 0 0 0 0 0 0 0 0 0 0 1 0 0 0 0 0	   103.1
1	1	0	3	1 	0 0 0 1 	1 1 2 4 	 0 0 0 0 0 0 0 0 0 0 0 0 0 0 0 0 0 1 0 0	 1 1 1 1 1 1 1 1 1 0 0 1 1 1 1 1 1 0 0 1	 0 0 0 0 0 0 0 0 0 0 0 0 0 0 1 0 0 0 0 0	    88.4
17	1	0	3	1 	0 0 0 1 	1 1 2 4 	 0 0 0 0 0 0 0 0 0 0 0 0 0 0 0 1 0 0 0 0	 1 1 1 1 1 1 1 1 1 0 0 1 1 1 1 1 0 1 1 1	 0 0 0 0 0 0 0 0 0 0 0 0 0 0 1 0 0 0 0 0	    57.8
18	1	0	3	1 	0 0 0 1 	1 1 2 4 	 0 0 0 0 0 0 0 0 0 0 0 0 0 0 0 1 0 0 0 0	 1 1 1 1 1 1 1 1 1 0 0 1 1 1 1 0 0 1 1 1	 0 0 0 0 0 0 0 0 0 0 0 0 0 0 1 0 0 0 0 0	    55.8
10	0	0	2	1 	0 0 1 0 	2 1 2 4 	 0 0 1 0 0 0 0 0 0 0 0 0 0 0 0 0 0 0 0 0	 0 1 1 1 1 1 1 1 0 0 0 0 0 1 0 1 1 1 1 1	 0 0 1 0 0 0 0 0 0 0 0 0 0 0 0 0 0 0 0 0	     3.7
4	0	0	1	1 	0 1 0 0 	2 2 2 4 	 0 1 0 0 0 0 0 0 0 0 0 0 0 0 0 0 0 0 0 0	 0 0 1 1 1 1 1 1 1 1 0 0 1 0 1 1 1 1 1 1	 0 0 1 0 0 0 0 0 0 0 0 0 0 0 0 0 0 0 0 0	     7.4
5	0	0	0	1 	1 0 0 0 	2 2 2 4 	 0 0 1 0 0 0 0 0 0 0 0 0 0 0 0 0 0 0 0 0	 0 1 1 1 1 1 1 1 1 1 0 0 0 1 1 1 1 1 1 1	 0 0 1 0 0 0 0 0 0 0 0 0 0 0 0 0 0 0 0 0	     2.4
2	0	0	0	1 	1 0 0 0 	2 2 2 4 	 0 0 1 0 0 0 0 0 0 0 0 0 0 0 0 0 0 0 0 0	 0 1 1 1 1 1 1 1 1 1 0 0 0 1 1 1 1 1 1 1	 0 0 1 0 0 0 0 0 0 0 0 0 0 0 0 0 0 0 0 0	     0.6
5	0	0	2	1 	0 0 1 0 	2 2 3 3 	 0 0 0 0 0 0 0 0 0 0 0 0 1 0 0 0 0 0 0 0	 1 1 1 1 1 1 0 1 0 0 0 1 0 0 0 1 1 1 1 1	 0 0 0 1 0 0 0 0 0 0 0 0 0 0 0 0 0 0 0 0	    89.3
2	0	0	2	1 	0 0 1 0 	2 2 3 3 	 0 1 0 0 0 0 0 0 0 0 0 0 0 0 0 0 0 0 0 0	 0 0 1 1 1 1 1 1 0 0 0 0 0 1 0 1 1 1 1 1	 0 0 0 1 0 0 0 0 0 0 0 0 0 0 0 0 0 0 0 0	    38.1
9	0	0	2	1 	0 0 1 0 	2 2 3 3 	 0 0 1 0 0 0 0 0 0 0 0 0 0 0 0 0 0 0 0 0	 0 1 0 1 1 1 1 1 0 0 0 0 0 1 0 1 1 1 1 1	 0 0 0 1 0 0 0 0 0 0 0 0 0 0 0 0 0 0 0 0	    22.6
20	0	0	2	1 	0 0 1 0 	2 3 3 3 	 0 0 0 1 0 0 0 0 0 0 0 0 0 0 0 0 0 0 0 0	 0 1 0 1 1 1 1 1 0 1 0 0 0 1 0 1 1 1 1 1	 0 0 0 1 0 0 0 0 0 0 0 0 0 0 0 0 0 0 0 0	     0.7
4	0	0	1	1 	0 1 0 0 	2 3 3 3 	 0 0 1 0 0 0 0 0 0 0 0 0 0 0 0 0 0 0 0 0	 0 0 1 1 1 1 1 1 1 1 0 0 1 0 1 1 1 1 1 1	 0 0 0 1 0 0 0 0 0 0 0 0 0 0 0 0 0 0 0 0	    14.5
5	0	0	1	1 	0 1 0 0 	2 3 3 3 	 0 0 1 0 0 0 0 0 0 0 0 0 0 0 0 0 0 0 0 0	 0 1 0 1 1 1 1 1 1 1 0 0 1 0 1 1 1 1 1 1	 0 0 0 1 0 0 0 0 0 0 0 0 0 0 0 0 0 0 0 0	     9.8
5	0	0	1	1 	0 1 0 0 	2 3 3 3 	 0 0 0 1 0 0 0 0 0 0 0 0 0 0 0 0 0 0 0 0	 0 1 1 1 1 1 1 1 1 1 0 0 1 0 1 1 1 1 1 1	 0 0 0 1 0 0 0 0 0 0 0 0 0 0 0 0 0 0 0 0	     2.2
28	0	0	2	1 	0 0 1 0 	2 3 3 3 	 0 0 0 1 0 0 0 0 0 0 0 0 0 0 0 0 0 0 0 0	 0 1 0 1 1 1 1 1 0 1 0 0 0 1 0 1 1 1 1 1	 0 0 0 1 0 0 0 0 0 0 0 0 0 0 0 0 0 0 0 0	     2.8
4	0	0	0	1 	1 0 0 0 	3 4 3 2 	 0 0 0 1 0 0 0 0 0 0 0 0 0 0 0 0 0 0 0 0	 0 1 0 1 1 1 1 1 1 1 0 0 0 1 1 1 1 1 1 1	 0 0 0 1 0 0 0 0 0 0 0 0 0 0 0 0 0 0 0 0	     1.2
1	0	0	1	1 	0 1 0 0 	3 4 3 2 	 0 1 0 0 0 0 0 0 0 0 0 0 0 0 0 0 0 0 0 0	 0 1 1 1 1 1 1 1 1 0 0 0 1 0 1 1 1 1 1 1	 0 0 0 0 1 0 0 0 0 0 0 0 0 0 0 0 0 0 0 0	    42.3
5	0	0	1	1 	0 1 0 0 	3 4 3 2 	 0 0 1 0 0 0 0 0 0 0 0 0 0 0 0 0 0 0 0 0	 0 1 0 1 1 1 1 1 1 1 0 0 1 0 1 1 1 1 1 1	 0 0 0 0 1 0 0 0 0 0 0 0 0 0 0 0 0 0 0 0	    26.4
5	0	0	1	1 	0 1 0 0 	3 4 3 2 	 0 0 0 1 0 0 0 0 0 0 0 0 0 0 0 0 0 0 0 0	 0 1 1 1 1 1 1 1 1 1 0 0 1 0 1 1 1 1 1 1	 0 0 0 0 1 0 0 0 0 0 0 0 0 0 0 0 0 0 0 0	    18.9
11	0	0	1	1 	0 1 0 0 	3 4 3 1 	 0 0 0 0 1 0 0 0 0 0 0 0 0 0 0 0 0 0 0 0	 1 1 1 0 1 1 1 1 1 1 0 0 1 1 1 1 1 1 1 1	 0 0 0 0 1 0 0 0 0 0 0 0 0 0 0 0 0 0 0 0	     0.3
7	0	0	0	1 	1 0 0 0 	4 4 4 1 	 0 0 0 0 1 0 0 0 0 0 0 0 0 0 0 0 0 0 0 0	 0 1 0 0 1 1 1 1 1 1 0 0 0 1 1 1 1 1 1 1	 0 0 0 0 1 0 0 0 0 0 0 0 0 0 0 0 0 0 0 0	     3.4
7	0	0	0	1 	1 0 0 0 	4 4 4 1 	 0 0 0 0 1 0 0 0 0 0 0 0 0 0 0 0 0 0 0 0	 0 1 0 0 1 1 1 1 1 1 0 0 0 1 1 1 1 1 1 1	 0 0 0 0 1 0 0 0 0 0 0 0 0 0 0 0 0 0 0 0	     4.3
10	0	0	0	1 	1 0 0 0 	4 4 5 0 	 0 0 0 0 1 0 0 0 0 0 0 0 0 0 0 0 0 0 0 0	 0 1 0 0 1 1 1 1 1 1 0 0 0 1 1 1 1 1 1 1	 0 0 0 0 1 0 0 0 0 0 0 0 0 0 0 0 0 0 0 0	     7.3
32	0	0	2	1 	0 0 1 0 	4 4 5 0 	 0 0 0 1 0 0 0 0 0 0 0 0 0 0 0 0 0 0 0 0	 0 1 0 1 1 1 1 1 1 1 0 0 0 1 0 1 1 1 1 1	 0 0 0 0 0 1 0 0 0 0 0 0 0 0 0 0 0 0 0 0	    32.8
32	0	0	2	1 	0 0 1 0 	4 4 5 0 	 0 0 0 1 0 0 0 0 0 0 0 0 0 0 0 0 0 0 0 0	 0 1 0 0 1 1 1 1 1 1 0 0 1 1 1 1 1 1 1 1	 0 0 0 0 0 1 0 0 0 0 0 0 0 0 0 0 0 0 0 0	    24.2
11	0	0	3	1 	0 0 0 1 	4 4 5 0 	 0 0 0 0 0 0 1 0 0 0 0 0 0 0 0 0 0 0 0 0	 1 1 1 0 1 1 0 1 1 1 0 0 1 0 1 1 1 1 1 1	 1 0 0 0 0 0 0 0 0 0 0 0 0 0 0 0 0 0 0 0	   257.0
9	0	0	3	1 	0 0 0 1 	4 4 5 0 	 0 0 0 0 0 0 0 0 0 0 0 0 0 0 0 0 0 0 0 1	 1 1 1 1 1 1 1 0 1 0 0 1 1 1 1 1 1 1 1 1	 1 0 0 0 0 0 0 0 0 0 0 0 0 0 0 0 0 0 0 0	   195.2
20	0	0	1	1 	0 1 0 0 	5 5 5 0 	 0 0 0 0 0 1 0 0 0 0 0 0 0 0 0 0 0 0 0 0	 1 1 1 1 0 1 1 1 1 1 0 0 1 1 1 1 1 1 1 1	 0 0 0 0 0 1 0 0 0 0 0 0 0 0 0 0 0 0 0 0	     2.1
23	0	0	1	1 	0 1 0 0 	5 5 5 0 	 0 0 0 0 0 1 0 0 0 0 0 0 0 0 0 0 0 0 0 0	 1 1 1 1 0 1 1 1 1 1 0 0 1 1 1 1 1 1 1 1	 0 0 0 0 0 1 0 0 0 0 0 0 0 0 0 0 0 0 0 0	     0.2
20	0	0	3	1 	0 0 0 1 	5 5 6 1 	 0 0 0 0 0 0 0 0 0 0 0 0 0 0 1 0 0 0 0 0	 1 1 1 1 1 1 1 1 1 0 0 1 1 1 0 1 1 1 1 1	 0 1 0 0 0 0 0 0 0 0 0 0 0 0 0 0 0 0 0 0	    71.2
1	0	0	3	1 	0 0 0 1 	5 5 6 1 	 0 0 0 0 0 0 0 0 0 0 0 1 0 0 0 0 0 0 0 0	 1 1 1 1 1 1 1 1 1 0 0 0 0 1 0 1 1 1 1 1	 0 1 0 0 0 0 0 0 0 0 0 0 0 0 0 0 0 0 0 0	    31.6
1	0	0	2	1 	0 0 1 0 	5 5 6 1 	 0 1 0 0 0 0 0 0 0 0 0 0 0 0 0 0 0 0 0 0	 0 0 1 1 1 1 1 1 0 0 0 0 0 1 0 1 1 1 1 1	 0 0 0 0 0 0 1 0 0 0 0 0 0 0 0 0 0 0 0 0	    96.5
14	0	0	2	1 	0 0 1 0 	5 5 6 1 	 0 0 0 1 0 0 0 0 0 0 0 0 0 0 0 0 0 0 0 0	 0 1 0 1 1 1 1 1 0 0 0 0 0 1 0 1 1 1 1 1	 0 0 0 0 0 0 1 0 0 0 0 0 0 0 0 0 0 0 0 0	    58.0
16	0	0	2	1 	0 0 1 0 	5 5 6 1 	 0 0 0 0 1 0 0 0 0 0 0 0 0 0 0 0 0 0 0 0	 0 1 0 0 0 1 1 1 1 1 0 0 1 1 1 1 1 1 1 1	 0 0 0 0 0 0 1 0 0 0 0 0 0 0 0 0 0 0 0 0	    30.7
16	0	0	2	1 	0 0 1 0 	5 5 6 1 	 0 0 0 0 0 1 0 0 0 0 0 0 0 0 0 0 0 0 0 0	 1 1 0 1 0 0 1 1 1 1 0 0 1 1 1 1 1 1 1 1	 0 0 0 0 0 0 1 0 0 0 0 0 0 0 0 0 0 0 0 0	    11.3
10	0	0	0	1 	1 0 0 0 	5 5 6 1 	 0 0 0 0 0 1 0 0 0 0 0 0 0 0 0 0 0 0 0 0	 0 1 1 1 1 1 1 1 1 1 0 0 0 1 1 1 1 1 1 1	 0 0 0 0 0 1 0 0 0 0 0 0 0 0 0 0 0 0 0 0	     2.5
14	0	0	3	1 	0 0 0 1 	5 5 6 1 	 0 1 0 0 0 0 0 0 0 0 0 0 0 0 0 0 0 0 0 0	 0 1 1 1 1 1 1 1 1 0 0 0 0 1 1 1 1 1 1 1	 0 1 0 0 0 0 0 0 0 0 0 0 0 0 0 0 0 0 0 0	     0.4
22	0	0	3	1 	0 0 0 1 	6 6 7 1 	 0 1 0 0 0 0 0 0 0 0 0 0 0 0 0 0 0 0 0 0	 0 1 1 1 1 1 1 1 1 0 0 0 0 1 1 1 1 1 1 1	 0 1 0 0 0 0 0 0 0 0 0 0 0 0 0 0 0 0 0 0	     6.8
22	0	0	3	1 	0 0 0 1 	6 6 7 1 	 0 1 0 0 0 0 0 0 0 0 0 0 0 0 0 0 0 0 0 0	 0 1 1 1 1 1 1 1 1 0 0 0 0 1 1 1 1 1 1 1	 0 1 0 0 0 0 0 0 0 0 0 0 0 0 0 0 0 0 0 0	     4.4
18	0	0	1	1 	0 1 0 0 	6 6 7 1 	 0 0 0 0 0 0 1 0 0 0 0 0 0 0 0 0 0 0 0 0	 1 1 1 1 1 0 1 1 1 1 0 0 1 1 1 1 1 1 1 1	 0 0 0 0 0 0 1 0 0 0 0 0 0 0 0 0 0 0 0 0	    13.6
7	0	0	2	1 	0 0 1 0 	6 6 7 1 	 0 0 0 0 0 0 0 0 0 0 0 0 0 0 0 1 0 0 0 0	 1 1 1 1 1 1 0 1 0 0 0 1 1 1 1 0 0 1 1 1	 0 0 0 0 0 0 0 1 0 0 0 0 0 0 0 0 0 0 0 0	   232.9
9	0	0	2	1 	0 0 1 0 	6 6 7 1 	 0 0 0 0 0 0 0 0 0 0 0 0 0 0 1 0 0 0 0 0	 1 1 1 1 1 1 0 1 0 0 0 1 1 1 1 0 1 1 1 1	 0 0 0 0 0 0 0 1 0 0 0 0 0 0 0 0 0 0 0 0	   221.8
2	0	0	2	1 	0 0 1 0 	6 6 7 1 	 0 1 0 0 0 0 0 0 0 0 0 0 0 0 0 0 0 0 0 0	 0 0 1 1 1 1 1 1 0 0 0 0 0 1 0 1 1 1 1 1	 0 0 0 0 0 0 0 1 0 0 0 0 0 0 0 0 0 0 0 0	   121.5
10	0	0	2	1 	0 0 1 0 	6 6 7 1 	 0 0 1 0 0 0 0 0 0 0 0 0 0 0 0 0 0 0 0 0	 0 1 0 1 1 1 1 1 0 0 0 0 0 1 0 1 1 1 1 1	 0 0 0 0 0 0 0 1 0 0 0 0 0 0 0 0 0 0 0 0	   105.0
14	0	0	2	1 	0 0 1 0 	6 6 7 1 	 0 0 0 1 0 0 0 0 0 0 0 0 0 0 0 0 0 0 0 0	 0 1 0 1 1 1 1 1 0 0 0 0 0 1 0 1 1 1 1 1	 0 0 0 0 0 0 0 1 0 0 0 0 0 0 0 0 0 0 0 0	    87.4
5	0	0	2	1 	0 0 1 0 	6 6 7 1 	 0 0 0 0 1 0 0 0 0 0 0 0 0 0 0 0 0 0 0 0	 0 1 0 0 0 1 1 1 1 1 0 0 1 1 1 1 1 1 1 1	 0 0 0 0 0 0 0 1 0 0 0 0 0 0 0 0 0 0 0 0	    58.2
2	0	0	2	1 	0 0 1 0 	6 6 7 1 	 0 0 0 0 0 1 0 0 0 0 0 0 0 0 0 0 0 0 0 0	 1 1 0 1 0 1 1 1 1 1 0 0 1 1 1 1 1 1 1 1	 0 0 0 0 0 0 0 1 0 0 0 0 0 0 0 0 0 0 0 0	    50.2
17	0	0	2	1 	0 0 1 0 	6 6 7 1 	 0 0 0 0 0 0 1 0 0 0 0 0 0 0 0 0 0 0 0 0	 1 1 0 1 0 0 1 1 1 1 0 0 1 1 1 1 1 1 1 1	 0 0 0 0 0 0 0 1 0 0 0 0 0 0 0 0 0 0 0 0	    29.6
56	0	0	0	1 	1 0 0 0 	6 6 7 1 	 0 1 0 0 0 0 0 0 0 0 0 0 0 0 0 0 0 0 0 0	 0 1 1 1 1 1 1 1 1 1 0 0 0 1 1 1 1 1 1 1	 0 0 0 0 0 0 0 1 0 0 0 0 0 0 0 0 0 0 0 0	   118.8
15	0	0	0	1 	1 0 0 0 	6 6 7 1 	 0 0 0 0 0 0 1 0 0 0 0 0 0 0 0 0 0 0 0 0	 0 1 1 1 1 0 1 1 1 1 0 0 0 1 1 1 1 1 1 1	 0 0 0 0 0 0 0 1 0 0 0 0 0 0 0 0 0 0 0 0	    16.9
4	0	0	3	1 	0 0 0 1 	7 6 7 2 	 0 0 0 0 0 0 0 0 0 0 0 0 1 0 0 0 0 0 0 0	 1 1 1 1 1 1 1 1 1 0 0 1 0 1 0 1 1 1 1 1	 0 0 1 0 0 0 0 0 0 0 0 0 0 0 0 0 0 0 0 0	    75.7
1	0	0	3	1 	0 0 0 1 	7 6 7 2 	 0 0 0 0 0 0 0 0 0 0 1 0 0 0 0 0 0 0 0 0	 1 1 1 1 1 1 1 1 1 0 0 0 0 1 0 1 1 1 1 1	 0 0 1 0 0 0 0 0 0 0 0 0 0 0 0 0 0 0 0 0	    55.1
6	0	0	0	1 	1 0 0 0 	7 6 7 2 	 0 0 0 0 0 0 1 0 0 0 0 0 0 0 0 0 0 0 0 0	 0 1 1 1 1 0 0 1 1 1 0 0 0 1 1 1 1 1 1 1	 0 0 0 0 0 0 0 1 0 0 0 0 0 0 0 0 0 0 0 0	    20.5
1	0	0	3	1 	0 0 0 1 	7 6 7 2 	 1 0 0 0 0 0 0 0 0 0 0 0 0 0 0 0 0 0 0 0	 1 1 1 1 1 1 1 1 1 0 0 0 0 1 0 1 1 1 1 1	 0 0 1 0 0 0 0 0 0 0 0 0 0 0 0 0 0 0 0 0	    54.7
1	0	0	3	1 	0 0 0 1 	8 8 8 3 	 0 0 0 0 0 0 0 0 0 0 0 1 0 0 0 0 0 0 0 0	 1 1 1 1 1 1 1 1 1 0 0 0 0 1 0 1 1 1 1 1	 0 0 0 1 0 0 0 0 0 0 0 0 0 0 0 0 0 0 0 0	    77.9
2	0	0	3	1 	0 0 0 1 	8 8 8 3 	 1 0 0 0 0 0 0 0 0 0 0 0 0 0 0 0 0 0 0 0	 0 1 1 1 1 1 1 1 1 0 0 0 0 1 0 1 1 1 1 1	 0 0 0 1 0 0 0 0 0 0 0 0 0 0 0 0 0 0 0 0	    64.2
3	0	0	3	1 	0 0 0 1 	8 8 8 3 	 1 0 0 0 0 0 0 0 0 0 0 0 0 0 0 0 0 0 0 0	 0 1 1 1 1 1 1 1 1 0 0 0 0 1 1 1 1 1 1 1	 0 0 0 1 0 0 0 0 0 0 0 0 0 0 0 0 0 0 0 0	    59.1
30	0	0	2	1 	0 0 1 0 	8 8 8 3 	 0 0 0 1 0 0 0 0 0 0 0 0 0 0 0 0 0 0 0 0	 0 1 0 1 1 1 1 1 1 1 0 0 0 1 0 1 1 1 1 1	 0 0 0 0 0 0 0 0 1 0 0 0 0 0 0 0 0 0 0 0	   104.5
2	0	0	2	1 	0 0 1 0 	8 8 8 3 	 0 0 0 0 1 0 0 0 0 0 0 0 0 0 0 0 0 0 0 0	 0 1 0 1 0 1 1 1 1 1 0 0 1 1 1 1 1 1 1 1	 0 0 0 0 0 0 0 0 1 0 0 0 0 0 0 0 0 0 0 0	    75.8
4	0	0	1	1 	0 1 0 0 	8 8 8 3 	 0 0 0 0 0 0 1 0 0 0 0 0 0 0 0 0 0 0 0 0	 1 1 1 1 1 0 0 1 1 1 0 0 1 1 1 1 1 1 1 1	 0 0 0 0 0 0 0 0 1 0 0 0 0 0 0 0 0 0 0 0	    27.0
6	0	0	0	1 	1 0 0 0 	8 8 8 3 	 0 0 0 0 0 0 1 0 0 0 0 0 0 0 0 0 0 0 0 0	 0 1 1 1 1 0 0 1 1 1 0 0 0 1 1 1 1 1 1 1	 0 0 0 0 0 0 0 0 1 0 0 0 0 0 0 0 0 0 0 0	    39.4
8	0	0	0	1 	1 0 0 0 	8 8 8 3 	 0 0 0 0 0 0 0 1 0 0 0 0 0 0 0 0 0 0 0 0	 0 1 1 1 1 0 0 0 1 1 0 0 0 1 1 1 1 1 1 1	 0 0 0 0 0 0 0 0 1 0 0 0 0 0 0 0 0 0 0 0	    22.7
19	0	0	3	1 	0 0 0 1 	9 9 9 4 	 0 1 0 0 0 0 0 0 0 0 0 0 0 0 0 0 0 0 0 0	 0 1 1 1 1 1 1 1 1 0 0 0 0 1 1 1 1 1 1 1	 0 0 0 0 1 0 0 0 0 0 0 0 0 0 0 0 0 0 0 0	    57.8
23	1	0	2	1 	0 0 1 0 	9 9 9 4 	 0 0 0 0 0 0 0 0 0 0 0 0 0 1 0 0 0 0 0 0	 1 1 1 1 1 1 0 1 0 0 0 1 1 1 0 1 1 1 1 1	 0 0 0 0 0 0 0 0 0 0 0 0 0 0 0 0 0 0 0 1	   255.8
2	1	0	2	1 	0 0 1 0 	9 9 9 4 	 0 0 0 0 0 0 0 0 0 0 0 0 1 0 0 0 0 0 0 0	 1 1 1 1 1 1 0 1 0 0 0 1 0 0 0 1 1 1 1 1	 0 0 0 0 0 0 0 0 0 0 0 0 0 0 0 0 0 0 0 1	   226.2
1	1	0	2	1 	0 0 1 0 	9 9 9 4 	 0 0 0 0 0 0 0 0 0 0 1 0 0 0 0 0 0 0 0 0	 1 1 1 1 1 1 0 1 0 0 0 0 0 1 0 1 1 1 1 1	 0 0 0 0 0 0 0 0 0 0 0 0 0 0 0 0 0 0 0 1	   193.9
11	1	0	2	1 	0 0 1 0 	9 9 9 4 	 0 0 1 0 0 0 0 0 0 0 0 0 0 0 0 0 0 0 0 0	 0 1 0 1 1 1 1 1 0 0 0 0 0 1 0 1 1 1 1 1	 0 0 0 0 0 0 0 0 0 0 0 0 0 0 0 0 0 0 0 1	   147.7
9	1	0	2	1 	0 0 1 0 	9 9 9 4 	 0 0 0 0 1 0 0 0 0 0 0 0 0 0 0 0 0 0 0 0	 0 1 0 0 0 1 1 1 1 1 0 0 1 1 1 1 1 1 1 1	 0 0 0 0 0 0 0 0 0 0 0 0 0 0 0 0 0 0 0 1	   107.4
17	1	0	2	1 	0 0 1 0 	9 9 9 4 	 0 0 0 0 0 1 0 0 0 0 0 0 0 0 0 0 0 0 0 0	 1 1 0 1 0 0 1 1 1 1 0 0 1 1 1 1 1 1 1 1	 0 0 0 0 0 0 0 0 0 0 0 0 0 0 0 0 0 0 0 1	    83.8
17	1	0	2	1 	0 0 1 0 	9 9 9 4 	 0 0 0 0 0 0 1 0 0 0 0 0 0 0 0 0 0 0 0 0	 1 1 0 1 0 0 1 1 1 1 0 0 1 1 1 1 1 1 1 1	 0 0 0 0 0 0 0 0 0 0 0 0 0 0 0 0 0 0 0 1	    77.4
39	1	0	2	1 	0 0 1 0 	9 9 9 4 	 0 0 0 0 0 0 0 1 0 0 0 0 0 0 0 0 0 0 0 0	 1 1 1 1 1 1 0 0 1 1 0 0 1 1 1 1 1 1 1 1	 0 0 0 0 0 0 0 0 0 0 0 0 0 0 0 0 0 0 0 1	    45.6
47	1	0	2	1 	0 0 1 0 	9 9 9 4 	 0 0 0 0 0 0 0 1 0 0 0 0 0 0 0 0 0 0 0 0	 1 1 1 1 1 1 0 0 1 1 0 0 1 1 1 1 1 1 1 1	 0 0 0 0 0 0 0 0 0 0 0 0 0 0 0 0 0 0 0 1	    41.5
1	1	0	2	1 	0 0 1 0 	9 9 9 4 	 0 0 0 0 0 0 0 0 0 1 0 0 0 0 0 0 0 0 0 0	 1 1 1 1 1 1 0 0 0 0 0 0 1 1 1 1 1 1 1 1	 0 0 0 0 0 0 0 0 0 0 0 0 0 0 0 0 0 0 0 1	     0.2
1	1	0	1	1 	0 1 0 0 	9 9 9 4 	 0 0 0 0 0 0 0 0 0 0 1 0 0 0 0 0 0 0 0 0	 1 1 1 1 1 1 1 1 1 0 0 0 0 0 1 1 1 1 1 1	 0 0 0 0 0 0 0 0 0 0 0 0 0 0 0 0 0 0 0 1	   175.9
4	1	0	1	1 	0 1 0 0 	9 9 9 4 	 0 1 0 0 0 0 0 0 0 0 0 0 0 0 0 0 0 0 0 0	 0 0 1 1 1 1 1 1 1 1 0 0 1 0 1 1 1 1 1 1	 0 0 0 0 0 0 0 0 0 0 0 0 0 0 0 0 0 0 0 1	   151.3
13	1	0	1	1 	0 1 0 0 	9 9 9 4 	 0 0 0 0 1 0 0 0 0 0 0 0 0 0 0 0 0 0 0 0	 1 1 1 0 1 1 1 1 1 1 0 0 1 1 1 1 1 1 1 1	 0 0 0 0 0 0 0 0 0 0 0 0 0 0 0 0 0 0 0 1	   113.9
26	1	0	1	1 	0 1 0 0 	9 9 9 4 	 0 0 0 0 0 1 0 0 0 0 0 0 0 0 0 0 0 0 0 0	 1 1 1 1 0 1 1 1 1 1 0 0 1 1 1 1 1 1 1 1	 0 0 0 0 0 0 0 0 0 0 0 0 0 0 0 0 0 0 0 1	    84.7
26	1	0	1	1 	0 1 0 0 	9 9 9 4 	 0 0 0 0 0 1 0 0 0 0 0 0 0 0 0 0 0 0 0 0	 1 1 1 1 0 1 1 1 1 1 0 0 1 1 1 1 1 1 1 1	 0 0 0 0 0 0 0 0 0 0 0 0 0 0 0 0 0 0 0 1	    77.8
26	1	0	1	1 	0 1 0 0 	9 9 9 4 	 0 0 0 0 0 1 0 0 0 0 0 0 0 0 0 0 0 0 0 0	 1 1 1 1 1 0 1 1 1 1 0 0 1 1 1 1 1 1 1 1	 0 0 0 0 0 0 0 0 0 0 0 0 0 0 0 0 0 0 0 1	    72.1
8	1	0	1	1 	0 1 0 0 	9 9 9 4 	 0 0 0 0 0 0 0 1 0 0 0 0 0 0 0 0 0 0 0 0	 1 1 1 1 1 0 0 0 1 1 0 0 1 1 1 1 1 1 1 1	 0 0 0 0 0 0 0 0 0 0 0 0 0 0 0 0 0 0 0 1	    35.6
11	1	0	0	1 	1 0 0 0 	9 9 9 4 	 0 0 0 0 1 0 0 0 0 0 0 0 0 0 0 0 0 0 0 0	 0 1 0 0 0 1 1 1 1 1 0 0 0 1 1 1 1 1 1 1	 0 0 0 0 0 0 0 0 0 0 0 0 0 0 0 0 0 0 0 1	    99.0
15	1	0	0	1 	1 0 0 0 	9 9 9 4 	 0 0 0 0 0 0 1 0 0 0 0 0 0 0 0 0 0 0 0 0	 0 1 1 1 1 0 1 1 1 1 0 0 0 1 1 1 1 1 1 1	 0 0 0 0 0 0 0 0 0 0 0 0 0 0 0 0 0 0 0 1	    66.6
15	1	0	0	1 	1 0 0 0 	9 9 9 4 	 0 0 0 0 0 0 0 0 1 0 0 0 0 0 0 0 0 0 0 0	 0 1 1 1 1 0 1 0 0 1 0 0 0 1 1 1 1 1 1 1	 0 0 0 0 0 0 0 0 0 0 0 0 0 0 0 0 0 0 0 1	    11.7
1	1	0	0	1 	1 0 0 0 	9 9 9 4 	 0 0 0 0 0 0 0 0 0 1 0 0 0 0 0 0 0 0 0 0	 0 1 1 1 1 0 1 1 0 0 0 0 0 1 1 1 1 1 1 1	 0 0 0 0 0 0 0 0 0 0 0 0 0 0 0 0 0 0 0 1	     0.5
46	1	0	2	1 	0 0 1 0 	9 9 9 4 	 0 0 0 0 0 0 0 1 0 0 0 0 0 0 0 0 0 0 0 0	 1 1 1 1 1 1 0 0 1 1 0 0 1 1 1 1 1 1 1 1	 0 0 0 0 0 0 0 0 0 0 0 0 0 0 0 0 0 0 0 1	    46.1
22	0	0	3	1 	0 0 0 1 	9 9 9 5 	 0 1 0 0 0 0 0 0 0 0 0 0 0 0 0 0 0 0 0 0	 0 1 1 1 1 1 1 1 1 0 0 0 0 1 1 1 1 1 1 1	 0 0 0 0 0 1 0 0 0 0 0 0 0 0 0 0 0 0 0 0	    70.7
41	0	0	3	1 	0 0 0 1 	9 9 9 5 	 0 0 0 1 0 0 0 0 0 0 0 0 0 0 0 0 0 0 0 0	 1 1 0 0 1 1 1 1 1 0 0 0 0 1 1 1 1 1 1 1	 0 0 0 0 0 1 0 0 0 0 0 0 0 0 0 0 0 0 0 0	    35.3
15	0	0	3	1 	0 0 0 1 	9 9 9 5 	 0 0 0 0 1 0 0 0 0 0 0 0 0 0 0 0 0 0 0 0	 1 1 1 0 0 1 1 1 1 0 0 0 0 1 1 1 1 1 1 1	 0 0 0 0 0 1 0 0 0 0 0 0 0 0 0 0 0 0 0 0	    18.6
17	0	0	3	1 	0 0 0 1 	9 9 9 5 	 0 0 0 0 1 0 0 0 0 0 0 0 0 0 0 0 0 0 0 0	 1 1 1 1 0 1 1 1 1 0 0 0 0 1 1 1 1 1 1 1	 0 0 0 0 0 1 0 0 0 0 0 0 0 0 0 0 0 0 0 0	    15.3
12	1	0	1	1 	0 1 0 0 	9 9 9 5 	 0 0 0 0 0 0 0 0 0 0 0 0 0 0 0 0 0 0 0 1	 1 1 1 1 1 1 0 1 0 0 0 1 1 1 1 1 1 1 1 1	 0 0 0 0 0 0 0 0 0 0 0 0 0 0 0 0 0 0 0 1	     5.6
13	1	0	1	1 	0 1 0 0 	9 9 8 5 	 0 0 0 0 0 0 0 0 0 0 0 0 0 0 0 0 0 0 0 1	 1 1 1 1 1 1 0 1 0 0 0 1 1 1 1 1 1 1 1 1	 0 0 0 0 0 0 0 0 0 0 0 0 0 0 0 0 0 0 0 1	     1.1
9	1	0	0	1 	1 0 0 0 	8 9 8 5 	 0 0 0 0 0 0 0 1 0 0 0 0 0 0 0 0 0 0 0 0	 0 1 1 1 1 0 0 0 1 1 0 0 0 1 1 1 1 1 1 1	 0 0 0 0 0 0 0 0 0 0 0 0 0 0 0 0 0 0 1 0	    61.1
8	1	0	0	1 	1 0 0 0 	8 9 8 5 	 0 0 0 0 0 0 0 0 1 0 0 0 0 0 0 0 0 0 0 0	 0 1 1 1 1 0 1 0 0 1 0 0 0 1 1 1 1 1 1 1	 0 0 0 0 0 0 0 0 0 0 0 0 0 0 0 0 0 0 1 0	    45.7
7	1	0	0	1 	1 0 0 0 	8 9 8 5 	 0 0 0 0 0 0 0 0 0 0 0 0 0 0 0 0 0 0 0 1	 1 1 1 1 1 0 1 1 0 0 0 0 1 1 1 1 1 1 1 0	 0 0 0 0 0 0 0 0 0 0 0 0 0 0 0 0 0 0 1 0	    14.8
13	1	0	0	1 	1 0 0 0 	8 9 8 5 	 0 0 0 0 0 0 0 0 0 0 0 0 0 0 0 0 0 0 0 1	 1 1 1 1 1 0 1 1 0 0 0 0 1 1 1 1 1 1 1 0	 0 0 0 0 0 0 0 0 0 0 0 0 0 0 0 0 0 0 1 0	     4.8
13	1	0	0	1 	1 0 0 0 	8 9 8 5 	 0 0 0 0 0 0 0 0 0 0 0 0 0 0 0 0 0 0 1 0	 1 1 1 1 1 0 1 1 0 0 0 0 1 1 1 1 1 1 1 0	 0 0 0 0 0 0 0 0 0 0 0 0 0 0 0 0 0 0 1 0	     6.1
21	1	0	0	1 	1 0 0 0 	8 9 8 5 	 0 0 0 0 0 0 0 0 0 0 0 0 0 0 0 0 0 0 1 0	 1 1 1 1 1 0 1 1 0 0 0 1 1 1 1 1 1 1 1 0	 0 0 0 0 0 0 0 0 0 0 0 0 0 0 0 0 0 0 1 0	     1.3
15	1	0	1	1 	0 1 0 0 	8 9 8 5 	 0 0 0 0 0 0 0 0 0 0 0 0 0 0 0 0 0 0 0 1	 1 1 1 1 1 1 0 1 0 0 0 1 1 1 1 1 1 1 1 1	 0 0 0 0 0 0 0 0 0 0 0 0 0 0 0 0 0 0 0 1	     3.1
23	1	0	0	1 	1 0 0 0 	8 8 8 6 	 0 0 0 0 0 0 0 0 0 0 0 0 0 0 0 0 0 0 1 0	 1 1 1 1 1 0 1 1 0 0 0 1 1 1 1 1 1 1 1 1	 0 0 0 0 0 0 0 0 0 0 0 0 0 0 0 0 0 0 1 0	     0.2
24	1	0	0	1 	1 0 0 0 	8 8 7 6 	 0 0 0 0 0 0 0 0 0 0 0 0 0 0 0 0 0 0 1 0	 1 1 1 1 1 0 1 1 0 0 0 1 1 1 1 1 1 1 1 1	 0 0 0 0 0 0 0 0 0 0 0 0 0 0 0 0 0 0 1 0	     1.3
34	0	0	3	1 	0 0 0 1 	8 8 7 6 	 0 0 0 1 0 0 0 0 0 0 0 0 0 0 0 0 0 0 0 0	 1 1 0 1 1 1 1 1 1 0 0 0 0 1 1 1 1 1 1 1	 0 0 0 0 0 0 1 0 0 0 0 0 0 0 0 0 0 0 0 0	    61.1
23	0	0	3	1 	0 0 0 1 	8 8 7 6 	 0 0 0 0 0 1 0 0 0 0 0 0 0 0 0 0 0 0 0 0	 1 1 1 1 0 0 1 1 1 1 0 0 0 1 1 1 1 1 1 1	 0 0 0 0 0 0 1 0 0 0 0 0 0 0 0 0 0 0 0 0	    21.8
8	0	0	3	1 	0 0 0 1 	8 8 7 6 	 0 0 0 0 0 0 1 0 0 0 0 0 0 0 0 0 0 0 0 0	 1 1 1 1 1 0 1 1 1 1 0 0 0 1 1 1 1 1 1 1	 0 0 0 0 0 0 1 0 0 0 0 0 0 0 0 0 0 0 0 0	     0.5
47	1	0	2	1 	0 0 1 0 	8 8 7 6 	 0 0 0 0 0 0 0 0 1 0 0 0 0 0 0 0 0 0 0 0	 1 1 1 1 1 1 0 0 1 1 0 0 1 1 1 1 1 1 1 1	 0 0 0 0 0 0 0 0 0 0 0 0 0 0 0 0 0 1 0 0	    71.9
41	1	0	2	1 	0 0 1 0 	8 8 7 6 	 0 0 0 0 0 0 0 0 0 0 0 0 0 0 0 0 0 0 0 1	 1 1 1 1 1 1 1 0 0 0 0 0 1 1 1 1 1 1 1 0	 0 0 0 0 0 0 0 0 0 0 0 0 0 0 0 0 0 1 0 0	    29.8
41	1	0	2	1 	0 0 1 0 	8 8 7 6 	 0 0 0 0 0 0 0 0 0 0 0 0 0 0 0 0 0 0 1 0	 1 1 1 1 1 1 1 0 0 0 0 0 1 1 1 1 1 1 1 0	 0 0 0 0 0 0 0 0 0 0 0 0 0 0 0 0 0 1 0 0	    24.2
16	1	0	1	1 	0 1 0 0 	7 7 6 6 	 0 0 0 0 0 0 0 0 0 0 0 0 0 0 0 0 0 0 0 1	 1 1 1 1 1 1 0 1 0 0 0 1 1 1 1 1 1 1 1 0	 0 0 0 0 0 0 0 0 0 0 0 0 0 0 0 0 0 1 0 0	    24.6
16	1	0	1	1 	0 1 0 0 	7 7 6 6 	 0 0 0 0 0 0 0 0 0 0 0 0 0 0 0 0 0 0 1 0	 1 1 1 1 1 1 0 1 0 0 0 1 1 1 1 1 1 1 1 0	 0 0 0 0 0 0 0 0 0 0 0 0 0 0 0 0 0 1 0 0	    19.8
16	1	0	1	1 	0 1 0 0 	7 7 6 6 	 0 0 0 0 0 0 0 0 0 0 0 0 0 0 0 0 0 0 0 1	 1 1 1 1 1 1 0 1 0 0 0 1 1 1 1 1 1 1 1 0	 0 0 0 0 0 0 0 0 0 0 0 0 0 0 0 0 0 1 0 0	    24.8
26	1	0	0	1 	1 0 0 0 	7 7 6 6 	 0 0 0 0 0 0 0 0 0 0 0 0 0 0 0 0 0 1 0 0	 1 1 1 1 1 0 1 1 0 0 0 1 1 1 1 1 1 1 0 1	 0 0 0 0 0 0 0 0 0 0 0 0 0 0 0 0 0 1 0 0	     8.3
36	1	0	2	1 	0 0 1 0 	7 6 5 7 	 0 0 0 0 0 0 0 0 0 0 0 0 0 0 0 0 0 0 1 0	 1 1 1 1 1 1 1 0 0 0 0 0 1 1 1 1 1 1 0 0	 0 0 0 0 0 0 0 0 0 0 0 0 0 0 0 1 0 0 0 0	    49.5
4	1	0	1	1 	0 1 0 0 	7 6 5 7 	 0 0 0 0 0 0 0 0 0 0 0 0 0 0 0 0 0 1 0 0	 1 1 1 1 1 1 0 1 0 0 0 1 1 1 1 1 1 0 0 0	 0 0 0 0 0 0 0 0 0 0 0 0 0 0 0 0 1 0 0 0	    15.8
9	1	0	1	1 	0 1 0 0 	6 6 5 7 	 0 0 0 0 0 0 0 0 0 0 0 0 0 0 0 0 0 1 0 0	 1 1 1 1 1 1 0 1 0 0 0 1 1 1 1 1 1 0 0 0	 0 0 0 0 0 0 0 0 0 0 0 0 0 0 0 0 1 0 0 0	    13.9
53	1	0	2	1 	0 0 1 0 	6 6 4 7 	 0 0 0 0 0 0 0 1 0 0 0 0 0 0 0 0 0 0 0 0	 1 1 1 1 1 0 0 1 1 1 0 0 1 1 1 1 1 1 1 1	 0 0 0 0 0 0 0 0 0 0 0 0 0 0 1 0 0 0 0 0	   138.0
18	1	0	2	1 	0 0 1 0 	6 6 4 7 	 0 0 0 0 0 0 0 0 1 0 0 0 0 0 0 0 0 0 0 0	 1 1 1 1 1 1 0 0 0 1 0 0 1 1 1 1 1 1 1 1	 0 0 0 0 0 0 0 0 0 0 0 0 0 0 1 0 0 0 0 0	    92.0
7	1	0	2	1 	0 0 1 0 	6 6 4 7 	 0 0 0 0 0 0 0 0 0 0 0 0 0 0 0 0 0 1 0 0	 1 1 1 1 1 1 1 0 0 0 0 0 1 1 1 1 1 1 0 0	 0 0 0 0 0 0 0 0 0 0 0 0 0 0 1 0 0 0 0 0	    45.6
10	1	0	0	1 	1 0 0 0 	5 5 4 8 	 0 0 0 0 0 0 0 0 0 0 0 0 0 0 0 1 0 0 0 0	 1 1 1 1 1 1 1 1 0 0 0 1 1 1 1 1 0 0 1 1	 0 0 0 0 0 0 0 0 0 0 0 0 0 0 0 1 0 0 0 0	     4.9
35	1	0	3	1 	0 0 0 1 	5 4 4 9 	 0 0 0 0 0 0 1 0 0 0 0 0 0 0 0 0 0 0 0 0	 1 1 1 1 1 0 1 1 1 1 0 0 0 1 1 1 1 1 1 1	 0 0 0 0 0 0 0 0 0 0 0 0 0 0 0 0 0 0 0 1	    69.6
11	1	0	3	1 	0 0 0 1 	5 4 4 9 	 0 0 0 0 0 0 1 0 0 0 0 0 0 0 0 0 0 0 0 0	 1 1 1 1 1 0 0 1 1 1 0 0 0 1 1 1 1 1 1 1	 0 0 0 0 0 0 0 0 0 0 0 0 0 0 0 0 0 0 0 1	    62.7
25	1	0	3	1 	0 0 0 1 	5 4 4 9 	 0 0 0 0 0 0 1 0 0 0 0 0 0 0 0 0 0 0 0 0	 1 1 1 1 1 0 1 1 1 1 0 0 0 1 1 1 1 1 1 1	 0 0 0 0 0 0 0 0 0 0 0 0 0 0 0 0 0 0 0 1	    42.5
41	1	0	2	1 	0 0 1 0 	4 4 4 9 	 0 0 0 0 0 0 0 0 0 0 0 0 0 0 1 0 0 0 0 0	 1 1 1 1 1 1 1 1 0 0 0 0 1 1 1 1 1 1 1 1	 0 0 0 0 0 0 0 0 0 0 0 0 0 0 1 0 0 0 0 0	     6.4
25	1	0	3	1 	0 0 0 1 	4 3 4 8 	 0 0 0 0 0 0 1 0 0 0 0 0 0 0 0 0 0 0 0 0	 1 1 1 1 1 0 1 1 1 1 0 0 0 1 1 1 1 1 1 1	 0 0 0 0 0 0 0 0 0 0 0 0 0 0 0 0 0 0 1 0	    62.5
18	1	0	1	1 	0 1 0 0 	4 3 4 8 	 0 0 0 0 0 0 1 0 0 0 0 0 0 0 0 0 0 0 0 0	 1 1 1 1 1 0 1 1 1 1 0 0 1 1 1 1 1 1 1 1	 0 0 0 0 0 0 0 0 0 0 0 0 0 1 0 0 0 0 0 0	   171.5
1	1	0	1	1 	0 1 0 0 	4 3 4 8 	 0 0 0 0 0 0 0 0 0 1 0 0 0 0 0 0 0 0 0 0	 1 1 1 1 1 1 0 1 0 0 0 0 1 1 1 1 1 1 1 1	 0 0 0 0 0 0 0 0 0 0 0 0 0 1 0 0 0 0 0 0	   105.3
10	1	0	1	1 	0 1 0 0 	4 3 4 8 	 0 0 0 0 0 0 0 0 0 0 0 0 0 0 0 0 1 0 0 0	 1 1 1 1 1 1 0 1 0 0 0 1 1 1 1 1 0 1 1 1	 0 0 0 0 0 0 0 0 0 0 0 0 0 1 0 0 0 0 0 0	    36.1
9	1	0	3	1 	0 0 0 1 	3 3 4 8 	 0 0 0 0 0 0 0 0 0 0 0 0 0 0 0 0 0 0 1 0	 1 1 1 1 1 0 0 1 0 0 0 0 1 1 1 1 1 1 1 0	 0 0 0 0 0 0 0 0 0 0 0 0 0 0 0 0 0 0 1 0	     5.6
41	1	0	2	1 	0 0 1 0 	3 3 4 8 	 0 0 0 0 0 0 0 0 0 0 0 0 0 0 1 0 0 0 0 0	 1 1 1 1 1 1 1 1 1 0 0 0 1 1 1 1 1 1 1 1	 0 0 0 0 0 0 0 0 0 0 0 0 0 0 1 0 0 0 0 0	    17.8
10	1	0	0	1 	1 0 0 0 	2 3 3 8 	 0 0 0 0 0 0 0 0 0 0 0 0 0 0 0 0 0 1 0 0	 1 1 1 1 1 0 1 1 0 0 0 1 1 1 1 1 1 0 1 1	 0 0 0 0 0 0 0 0 0 0 0 0 1 0 0 0 0 0 0 0	    65.1
58	1	0	2	1 	0 0 1 0 	2 2 3 7 	 0 0 0 0 0 0 0 0 0 0 0 0 0 0 1 0 0 0 0 0	 1 1 1 1 1 1 1 1 1 0 0 0 1 1 0 1 1 1 1 1	 0 0 0 0 0 0 0 0 0 0 0 0 0 1 0 0 0 0 0 0	    14.4
1	1	0	1	1 	0 1 0 0 	2 2 3 7 	 0 0 0 0 0 0 0 0 0 0 0 0 1 0 0 0 0 0 0 0	 1 1 1 1 1 1 0 1 1 0 0 1 1 1 1 1 1 1 1 1	 0 0 0 0 0 0 0 0 0 0 0 0 1 0 0 0 0 0 0 0	     0.4
25	1	0	3	1 	0 0 0 1 	2 2 3 7 	 0 0 0 0 0 0 1 0 0 0 0 0 0 0 0 0 0 0 0 0	 1 1 1 1 1 0 0 1 1 1 0 0 0 1 1 1 1 1 1 1	 0 0 0 0 0 0 0 0 0 0 0 0 0 0 0 0 0 1 0 0	    82.8
8	1	0	3	1 	0 0 0 1 	2 2 3 7 	 0 0 0 0 0 0 0 0 1 0 0 0 0 0 0 0 0 0 0 0	 1 1 1 1 1 0 0 0 0 1 0 0 0 1 1 1 1 1 1 1	 0 0 0 0 0 0 0 0 0 0 0 0 0 0 0 0 0 1 0 0	    57.5
6	1	0	3	1 	0 0 0 1 	2 2 3 7 	 0 0 0 0 0 0 0 0 0 0 0 0 0 0 0 0 0 0 0 1	 1 1 1 1 1 0 0 0 0 0 0 0 0 1 1 1 1 1 1 0	 0 0 0 0 0 0 0 0 0 0 0 0 0 0 0 0 0 1 0 0	    44.0
9	1	0	3	1 	0 0 0 1 	2 2 3 7 	 0 0 0 0 0 0 0 0 0 0 0 0 0 0 0 0 0 0 1 0	 1 1 1 1 1 0 0 1 0 0 0 0 1 1 1 1 1 1 0 0	 0 0 0 0 0 0 0 0 0 0 0 0 0 0 0 0 0 1 0 0	    28.7
9	1	0	3	1 	0 0 0 1 	2 2 3 7 	 0 0 0 0 0 0 0 0 0 0 0 0 0 0 0 0 0 0 1 0	 1 1 1 1 1 0 0 1 0 0 0 0 1 1 1 1 1 1 1 1	 0 0 0 0 0 0 0 0 0 0 0 0 0 0 0 0 0 1 0 0	    24.1
14	1	0	3	1 	0 0 0 1 	2 2 3 7 	 0 0 0 0 0 0 0 0 0 0 0 0 0 0 0 0 0 1 0 0	 1 1 1 1 1 0 1 1 0 0 0 1 1 1 1 1 1 1 1 1	 0 0 0 0 0 0 0 0 0 0 0 0 0 0 0 0 0 1 0 0	     1.2
8	1	0	3	1 	0 0 0 1 	1 1 0 6 	 0 0 0 0 0 0 0 0 0 0 0 0 0 0 0 0 0 0 0 1	 1 1 1 1 1 0 0 1 0 0 0 0 0 1 1 1 1 1 1 0	 0 0 0 0 0 0 0 0 0 0 0 0 0 0 0 0 1 0 0 0	    65.4
15	1	0	3	1 	0 0 0 1 	1 1 0 6 	 0 0 0 0 0 0 0 0 0 0 0 0 0 0 0 0 1 0 0 0	 1 1 1 1 1 1 1 1 0 0 0 1 1 1 1 1 1 1 1 1	 0 0 0 0 0 0 0 0 0 0 0 0 0 0 0 0 1 0 0 0	     0.5
2	0	0	2	1 	0 0 1 0 	0 1 0 6 	 0 0 0 0 1 0 0 0 0 0 0 0 0 0 0 0 0 0 0 0	 1 1 0 1 0 1 1 1 1 1 0 0 1 1 1 1 1 1 1 1	 1 0 0 0 0 0 0 0 0 0 0 0 0 0 0 0 0 0 0 0	   271.1
49	0	0	2	1 	0 0 1 0 	0 1 0 6 	 0 0 0 0 0 0 0 0 0 0 0 0 0 0 1 0 0 0 0 0	 1 1 1 1 1 1 1 1 1 0 0 0 1 1 0 1 1 1 1 1	 1 0 0 0 0 0 0 0 0 0 0 0 0 0 0 0 0 0 0 0	    62.0
52	0	0	2	1 	0 0 1 0 	0 1 0 6 	 0 0 0 0 0 0 1 0 0 0 0 0 0 0 0 0 0 0 0 0	 1 1 0 1 0 0 0 1 1 1 0 0 1 1 1 1 1 1 1 1	 1 0 0 0 0 0 0 0 0 0 0 0 0 0 0 0 0 0 0 0	   239.2
53	0	0	2	1 	0 0 1 0 	1 0 1 5 	 0 0 0 0 0 0 0 1 0 0 0 0 0 0 0 0 0 0 0 0	 1 1 1 1 1 0 0 1 1 1 0 0 1 1 1 1 1 1 1 1	 0 1 0 0 0 0 0 0 0 0 0 0 0 0 0 0 0 0 0 0	   246.1
28	0	0	2	1 	0 0 1 0 	1 0 1 5 	 0 0 0 0 0 0 0 0 1 0 0 0 0 0 0 0 0 0 0 0	 1 1 1 1 1 1 0 0 0 1 0 0 1 1 1 1 1 1 1 1	 0 1 0 0 0 0 0 0 0 0 0 0 0 0 0 0 0 0 0 0	   220.2
18	0	0	2	1 	0 0 1 0 	1 0 1 5 	 0 0 0 0 0 0 0 0 1 0 0 0 0 0 0 0 0 0 0 0	 1 1 1 1 1 1 0 0 0 1 0 0 1 1 1 1 1 1 1 1	 0 1 0 0 0 0 0 0 0 0 0 0 0 0 0 0 0 0 0 0	   205.8
41	0	0	2	1 	0 0 1 0 	1 0 1 5 	 0 0 0 0 0 0 0 0 0 0 0 0 0 0 0 0 0 0 0 1	 1 1 1 1 1 1 1 0 0 0 0 0 1 1 1 1 1 1 1 0	 0 1 0 0 0 0 0 0 0 0 0 0 0 0 0 0 0 0 0 0	   183.0
12	0	0	2	1 	0 0 1 0 	1 0 1 5 	 0 0 0 0 0 0 0 0 0 0 0 0 0 0 0 0 0 0 1 0	 1 1 1 1 1 1 1 0 0 0 0 0 1 1 1 1 1 1 0 0	 0 1 0 0 0 0 0 0 0 0 0 0 0 0 0 0 0 0 0 0	   166.6
7	0	0	2	1 	0 0 1 0 	1 0 1 5 	 0 0 0 0 0 0 0 0 0 0 0 0 0 0 0 0 0 1 0 0	 1 1 1 1 1 1 1 1 0 0 0 0 1 1 1 1 1 1 0 0	 0 1 0 0 0 0 0 0 0 0 0 0 0 0 0 0 0 0 0 0	   153.9
20	0	0	2	1 	0 0 1 0 	1 0 1 5 	 0 0 0 0 0 0 0 0 0 0 0 0 0 0 0 0 1 0 0 0	 1 1 1 1 1 1 1 1 0 0 0 0 1 1 1 1 1 0 0 1	 0 1 0 0 0 0 0 0 0 0 0 0 0 0 0 0 0 0 0 0	   141.3
41	0	0	2	1 	0 0 1 0 	1 0 1 5 	 0 0 0 0 0 0 0 0 0 0 0 0 0 0 1 0 0 0 0 0	 1 1 1 1 1 1 1 1 1 0 0 0 1 1 1 1 1 1 1 1	 0 1 0 0 0 0 0 0 0 0 0 0 0 0 0 0 0 0 0 0	    91.0
38	0	0	2	1 	0 0 1 0 	1 0 1 5 	 0 0 0 0 0 0 0 0 0 0 0 0 0 1 0 0 0 0 0 0	 1 1 1 1 1 1 1 1 1 0 0 0 1 0 0 1 1 1 1 1	 0 1 0 0 0 0 0 0 0 0 0 0 0 0 0 0 0 0 0 0	    52.3
5	0	0	2	1 	0 0 1 0 	1 0 1 5 	 0 0 0 0 0 0 0 0 0 0 0 0 1 0 0 0 0 0 0 0	 1 1 1 1 1 1 1 1 1 0 0 0 0 0 0 1 1 1 1 1	 0 1 0 0 0 0 0 0 0 0 0 0 0 0 0 0 0 0 0 0	    41.7
3	0	0	2	1 	0 0 1 0 	1 0 1 5 	 1 0 0 0 0 0 0 0 0 0 0 0 0 0 0 0 0 0 0 0	 0 1 1 1 1 1 1 1 1 0 0 0 0 0 1 1 1 1 1 1	 0 1 0 0 0 0 0 0 0 0 0 0 0 0 0 0 0 0 0 0	    17.8
2	0	0	2	1 	0 0 1 0 	1 0 1 5 	 0 1 0 0 0 0 0 0 0 0 0 0 0 0 0 0 0 0 0 0	 0 1 1 1 1 1 1 1 1 0 0 0 0 0 1 1 1 1 1 1	 0 1 0 0 0 0 0 0 0 0 0 0 0 0 0 0 0 0 0 0	     1.1
17	0	0	0	1 	1 0 0 0 	1 0 1 5 	 0 0 0 0 0 0 0 0 0 0 0 0 0 0 1 0 0 0 0 0	 1 1 1 1 1 1 1 1 0 0 0 1 1 1 1 0 0 1 1 1	 0 1 0 0 0 0 0 0 0 0 0 0 0 0 0 0 0 0 0 0	    89.9
1	0	0	0	1 	1 0 0 0 	1 0 1 5 	 0 0 0 0 0 0 0 0 0 0 0 0 0 1 0 0 0 0 0 0	 1 1 1 1 1 1 1 1 0 0 0 1 1 0 1 0 1 1 1 1	 0 1 0 0 0 0 0 0 0 0 0 0 0 0 0 0 0 0 0 0	    68.8
1	0	0	0	1 	1 0 0 0 	1 0 1 5 	 0 0 0 0 0 0 0 0 0 0 1 0 0 0 0 0 0 0 0 0	 1 1 1 1 1 1 1 1 0 0 0 0 0 0 1 0 1 1 1 1	 0 1 0 0 0 0 0 0 0 0 0 0 0 0 0 0 0 0 0 0	    22.1
1	0	0	0	1 	1 0 0 0 	1 0 1 5 	 0 0 0 0 0 0 0 0 0 0 1 0 0 0 0 0 0 0 0 0	 1 1 1 1 1 1 1 1 0 0 0 0 0 0 1 0 1 1 1 1	 0 1 0 0 0 0 0 0 0 0 0 0 0 0 0 0 0 0 0 0	    15.7
38	1	0	3	1 	0 0 0 1 	1 1 1 5 	 0 0 0 0 0 0 0 0 0 0 0 0 0 0 0 0 0 1 0 0	 1 1 1 1 1 1 1 1 0 0 0 1 1 1 1 1 1 0 1 1	 0 0 0 0 0 0 0 0 0 0 0 0 0 0 1 0 0 0 0 0	    52.3
11	0	0	1	1 	0 1 0 0 	2 2 2 4 	 0 0 0 0 0 0 0 0 0 0 0 0 1 0 0 0 0 0 0 0	 1 1 1 1 1 1 0 1 1 0 0 1 0 1 1 1 1 1 1 1	 0 0 1 0 0 0 0 0 0 0 0 0 0 0 0 0 0 0 0 0	    64.2
16	0	0	1	1 	0 1 0 0 	2 2 2 4 	 0 0 0 0 0 0 0 0 0 0 0 0 1 0 0 0 0 0 0 0	 1 1 1 1 1 1 1 1 1 0 0 1 0 1 1 1 1 1 1 1	 0 0 1 0 0 0 0 0 0 0 0 0 0 0 0 0 0 0 0 0	    60.4
1	0	0	1	1 	0 1 0 0 	2 2 2 4 	 1 0 0 0 0 0 0 0 0 0 0 0 0 0 0 0 0 0 0 0	 1 1 1 1 1 1 1 1 1 0 0 0 0 1 1 1 1 1 1 1	 0 0 1 0 0 0 0 0 0 0 0 0 0 0 0 0 0 0 0 0	    24.7
1	0	0	1	1 	0 1 0 0 	2 2 2 4 	 0 0 1 0 0 0 0 0 0 0 0 0 0 0 0 0 0 0 0 0	 0 0 1 1 1 1 1 1 1 0 0 0 1 1 1 1 1 1 1 1	 0 0 1 0 0 0 0 0 0 0 0 0 0 0 0 0 0 0 0 0	     3.6
2	0	0	0	1 	1 0 0 0 	3 3 3 3 	 0 0 0 0 0 0 0 0 0 0 0 0 0 1 0 0 0 0 0 0	 1 1 1 1 1 1 1 1 0 0 0 1 1 0 1 0 1 1 1 1	 0 0 0 1 0 0 0 0 0 0 0 0 0 0 0 0 0 0 0 0	   102.6
9	0	0	0	1 	1 0 0 0 	3 3 3 3 	 0 1 0 0 0 0 0 0 0 0 0 0 0 0 0 0 0 0 0 0	 1 0 1 1 1 1 1 1 1 0 0 0 0 1 1 0 1 1 1 1	 0 0 0 1 0 0 0 0 0 0 0 0 0 0 0 0 0 0 0 0	    27.6
1	0	0	0	1 	1 0 0 0 	3 3 3 3 	 0 0 1 0 0 0 0 0 0 0 0 0 0 0 0 0 0 0 0 0	 1 0 0 1 1 1 1 1 1 0 0 0 0 1 1 0 1 1 1 1	 0 0 0 1 0 0 0 0 0 0 0 0 0 0 0 0 0 0 0 0	    11.1
32	1	0	3	1 	0 0 0 1 	3 3 3 3 	 0 0 0 0 0 0 0 0 0 0 0 0 0 0 0 0 1 0 0 0	 1 1 1 1 1 1 1 1 0 0 0 1 1 1 1 1 0 0 1 1	 0 0 0 0 0 0 0 0 0 0 0 0 0 1 0 0 0 0 0 0	    64.5
9	1	0	3	1 	0 0 0 1 	3 3 3 3 	 0 0 0 0 0 0 0 0 0 0 0 0 0 0 1 0 0 0 0 0	 1 1 1 1 1 1 1 1 0 0 0 1 1 1 0 0 1 1 1 1	 0 0 0 0 0 0 0 0 0 0 0 0 0 1 0 0 0 0 0 0	    13.9
7	0	0	1	1 	0 1 0 0 	3 3 3 3 	 0 0 1 0 0 0 0 0 0 0 0 0 0 0 0 0 0 0 0 0	 0 0 0 1 1 1 1 1 1 1 0 0 1 1 1 1 1 1 1 1	 0 0 0 1 0 0 0 0 0 0 0 0 0 0 0 0 0 0 0 0	    14.0
44	0	0	2	1 	0 0 1 0 	4 4 4 2 	 0 1 0 0 0 0 0 0 0 0 0 0 0 0 0 0 0 0 0 0	 0 0 1 1 1 1 1 1 1 1 0 0 0 0 1 1 1 1 1 1	 0 0 0 0 1 0 0 0 0 0 0 0 0 0 0 0 0 0 0 0	    33.7
2	0	0	2	1 	0 0 1 0 	4 4 4 2 	 0 0 0 0 1 0 0 0 0 0 0 0 0 0 0 0 0 0 0 0	 0 1 0 0 1 1 1 1 1 1 0 0 1 1 1 1 1 1 1 1	 0 0 0 0 1 0 0 0 0 0 0 0 0 0 0 0 0 0 0 0	     0.8
13	0	0	1	1 	0 1 0 0 	4 4 4 2 	 0 0 0 0 1 0 0 0 0 0 0 0 0 0 0 0 0 0 0 0	 0 0 1 0 1 1 1 1 1 1 0 0 1 1 1 1 1 1 1 1	 0 0 0 0 1 0 0 0 0 0 0 0 0 0 0 0 0 0 0 0	     4.3
44	0	0	2	1 	0 0 1 0 	4 4 4 2 	 0 0 1 0 0 0 0 0 0 0 0 0 0 0 0 0 0 0 0 0	 0 0 1 1 1 1 1 1 1 1 0 0 0 0 1 1 1 1 1 1	 0 0 0 0 1 0 0 0 0 0 0 0 0 0 0 0 0 0 0 0	    34.8
17	0	0	0	1 	1 0 0 0 	5 5 4 1 	 0 0 0 0 0 0 0 0 0 0 0 0 0 0 0 1 0 0 0 0	 1 1 1 1 1 1 1 1 0 0 0 1 1 1 1 0 0 0 1 1	 0 0 0 0 0 1 0 0 0 0 0 0 0 0 0 0 0 0 0 0	   154.1
17	0	0	0	1 	1 0 0 0 	5 5 4 1 	 0 0 0 0 0 0 0 0 0 0 0 0 0 0 0 1 0 0 0 0	 1 1 1 1 1 1 1 1 0 0 0 1 1 1 1 0 0 1 1 1	 0 0 0 0 0 1 0 0 0 0 0 0 0 0 0 0 0 0 0 0	   150.9
17	0	0	0	1 	1 0 0 0 	5 5 4 1 	 0 0 0 0 0 0 0 0 0 0 0 0 0 0 1 0 0 0 0 0	 1 1 1 1 1 1 1 1 0 0 0 1 1 1 0 0 0 1 1 1	 0 0 0 0 0 1 0 0 0 0 0 0 0 0 0 0 0 0 0 0	   139.3
1	0	0	0	1 	1 0 0 0 	5 5 4 1 	 0 0 0 0 0 0 0 0 0 0 0 0 0 1 0 0 0 0 0 0	 1 1 1 1 1 1 1 1 0 0 0 1 1 0 1 0 1 1 1 1	 0 0 0 0 0 1 0 0 0 0 0 0 0 0 0 0 0 0 0 0	   126.0
25	0	0	0	1 	1 0 0 0 	5 5 4 1 	 0 0 0 0 0 0 0 0 0 0 0 1 0 0 0 0 0 0 0 0	 1 1 1 1 1 1 1 1 0 0 0 1 0 0 1 0 1 1 1 1	 0 0 0 0 0 1 0 0 0 0 0 0 0 0 0 0 0 0 0 0	    94.6
2	0	0	0	1 	1 0 0 0 	5 5 4 1 	 0 0 0 0 0 0 0 0 0 0 0 1 0 0 0 0 0 0 0 0	 1 1 1 1 1 1 1 1 0 0 0 0 0 0 1 0 1 1 1 1	 0 0 0 0 0 1 0 0 0 0 0 0 0 0 0 0 0 0 0 0	    87.8
12	0	0	0	1 	1 0 0 0 	5 5 4 1 	 0 0 1 0 0 0 0 0 0 0 0 0 0 0 0 0 0 0 0 0	 1 0 1 1 1 1 1 1 1 0 0 0 0 1 1 0 1 1 1 1	 0 0 0 0 0 1 0 0 0 0 0 0 0 0 0 0 0 0 0 0	    46.7
3	0	0	1	1 	0 1 0 0 	5 5 4 1 	 0 0 0 0 0 0 0 0 0 0 0 0 1 0 0 0 0 0 0 0	 1 1 1 1 1 1 0 1 1 0 0 1 0 1 1 1 1 1 1 1	 0 0 0 0 0 1 0 0 0 0 0 0 0 0 0 0 0 0 0 0	   115.9
6	0	0	1	1 	0 1 0 0 	5 5 4 1 	 0 0 0 0 0 0 0 0 0 0 0 1 0 0 0 0 0 0 0 0	 1 1 1 1 1 1 1 1 1 0 0 0 0 1 1 1 1 1 1 1	 0 0 0 0 0 1 0 0 0 0 0 0 0 0 0 0 0 0 0 0	    83.8
1	0	0	1	1 	0 1 0 0 	5 5 4 1 	 1 0 0 0 0 0 0 0 0 0 0 0 0 0 0 0 0 0 0 0	 1 1 1 1 1 1 1 1 1 0 0 0 0 1 1 1 1 1 1 1	 0 0 0 0 0 1 0 0 0 0 0 0 0 0 0 0 0 0 0 0	    64.7
13	0	0	1	1 	0 1 0 0 	5 5 4 1 	 0 0 0 0 1 0 0 0 0 0 0 0 0 0 0 0 0 0 0 0	 0 0 1 0 1 1 1 1 1 1 0 0 1 1 1 1 1 1 1 1	 0 0 0 0 0 1 0 0 0 0 0 0 0 0 0 0 0 0 0 0	    18.7
11	0	0	2	1 	0 0 1 0 	6 5 5 0 	 0 0 0 0 1 0 0 0 0 0 0 0 0 0 0 0 0 0 0 0	 0 1 0 0 1 1 1 1 1 1 0 0 1 1 1 1 1 1 1 1	 0 0 0 0 0 1 0 0 0 0 0 0 0 0 0 0 0 0 0 0	    24.3
1	0	0	0	1 	1 0 0 0 	6 5 5 0 	 0 0 0 0 0 0 0 0 0 0 0 1 0 0 0 0 0 0 0 0	 1 1 1 1 1 1 1 1 0 0 0 0 0 0 1 0 1 1 1 1	 0 0 0 0 0 0 1 0 0 0 0 0 0 0 0 0 0 0 0 0	    97.9
4	0	0	0	1 	1 0 0 0 	6 5 5 0 	 0 0 0 1 0 0 0 0 0 0 0 0 0 0 0 0 0 0 0 0	 1 1 0 0 1 1 1 1 1 1 0 0 0 1 1 0 1 1 1 1	 0 0 0 0 0 0 1 0 0 0 0 0 0 0 0 0 0 0 0 0	    43.9
6	0	0	0	1 	1 0 0 0 	6 5 5 0 	 0 0 0 0 0 1 0 0 0 0 0 0 0 0 0 0 0 0 0 0	 1 1 1 1 0 0 1 1 1 1 0 0 0 1 1 1 1 1 1 1	 0 0 0 0 0 0 1 0 0 0 0 0 0 0 0 0 0 0 0 0	    17.5
20	0	0	3	1 	0 0 0 1 	6 6 5 0 	 0 0 0 0 0 0 0 0 0 0 0 0 0 0 0 0 0 0 1 0	 1 1 1 1 1 0 0 1 0 0 0 1 1 1 1 1 1 1 0 1	 1 0 0 0 0 0 0 0 0 0 0 0 0 0 0 0 0 0 0 0	   144.9
4	0	0	2	1 	0 0 1 0 	6 6 5 0 	 0 0 0 0 0 1 0 0 0 0 0 0 0 0 0 0 0 0 0 0	 0 1 1 1 0 1 1 1 1 1 0 0 1 1 1 1 1 1 1 1	 0 0 0 0 0 1 0 0 0 0 0 0 0 0 0 0 0 0 0 0	     5.3
3	0	0	3	1 	0 0 0 1 	6 6 5 1 	 0 0 0 0 0 0 0 0 0 0 0 0 0 0 0 1 0 0 0 0	 1 1 1 1 1 1 1 1 0 0 0 1 1 1 1 0 0 1 1 1	 0 1 0 0 0 0 0 0 0 0 0 0 0 0 0 0 0 0 0 0	    91.5
20	0	0	3	1 	0 0 0 1 	6 6 5 1 	 0 0 0 0 0 0 0 0 0 0 0 0 0 1 0 0 0 0 0 0	 1 1 1 1 1 1 1 1 0 0 0 1 1 0 1 0 1 1 1 1	 0 1 0 0 0 0 0 0 0 0 0 0 0 0 0 0 0 0 0 0	    51.7
1	0	0	3	1 	0 0 0 1 	6 6 5 1 	 0 0 0 0 0 0 0 0 0 0 0 1 0 0 0 0 0 0 0 0	 1 1 1 1 1 1 1 1 0 0 0 1 0 0 1 0 1 1 1 1	 0 1 0 0 0 0 0 0 0 0 0 0 0 0 0 0 0 0 0 0	    33.5
20	0	0	3	1 	0 0 0 1 	7 6 5 1 	 0 0 0 0 0 0 0 0 0 0 0 0 1 0 0 0 0 0 0 0	 1 1 1 1 1 1 1 1 0 0 0 1 1 0 1 0 1 1 1 1	 0 1 0 0 0 0 0 0 0 0 0 0 0 0 0 0 0 0 0 0	    49.3
1	0	0	3	1 	0 0 0 1 	7 7 5 1 	 0 0 0 0 0 0 0 0 0 0 0 1 0 0 0 0 0 0 0 0	 1 1 1 1 1 1 1 1 0 0 0 1 0 0 1 0 1 1 1 1	 0 1 0 0 0 0 0 0 0 0 0 0 0 0 0 0 0 0 0 0	    33.8
10	0	0	2	1 	0 0 1 0 	7 7 5 1 	 0 0 0 0 0 1 0 0 0 0 0 0 0 0 0 0 0 0 0 0	 1 1 1 1 1 1 1 1 1 1 0 0 1 1 1 1 1 1 1 1	 0 0 0 0 0 1 0 0 0 0 0 0 0 0 0 0 0 0 0 0	     2.7
12	0	0	0	1 	1 0 0 0 	7 7 5 1 	 0 0 0 1 0 0 0 0 0 0 0 0 0 0 0 0 0 0 0 0	 1 1 0 0 1 1 1 1 1 1 0 0 0 1 1 0 1 1 1 1	 0 0 0 0 0 0 0 1 0 0 0 0 0 0 0 0 0 0 0 0	    59.4
1	0	0	1	1 	0 1 0 0 	7 7 5 2 	 0 1 0 0 0 0 0 0 0 0 0 0 0 0 0 0 0 0 0 0	 0 0 1 1 1 1 1 1 1 0 0 0 0 1 1 1 1 1 1 1	 0 0 0 0 0 0 0 1 0 0 0 0 0 0 0 0 0 0 0 0	    91.8
11	0	0	3	1 	0 0 0 1 	7 7 6 2 	 0 0 0 0 0 0 0 0 0 0 0 0 0 0 1 0 0 0 0 0	 1 1 1 1 1 1 1 1 0 0 0 1 1 1 0 0 1 1 1 1	 0 0 1 0 0 0 0 0 0 0 0 0 0 0 0 0 0 0 0 0	    86.1
1	0	0	3	1 	0 0 0 1 	7 7 6 2 	 0 0 0 0 0 0 0 0 0 0 0 0 1 0 0 0 0 0 0 0	 1 1 1 1 1 1 1 1 0 0 0 1 0 0 1 0 1 1 1 1	 0 0 1 0 0 0 0 0 0 0 0 0 0 0 0 0 0 0 0 0	    54.4
1	0	0	3	1 	0 0 0 1 	7 7 6 2 	 0 0 0 0 0 0 0 0 0 0 0 1 0 0 0 0 0 0 0 0	 1 1 1 1 1 1 1 1 0 0 0 1 0 0 1 0 1 1 1 1	 0 0 1 0 0 0 0 0 0 0 0 0 0 0 0 0 0 0 0 0	    48.9
1	0	0	3	1 	0 0 0 1 	7 7 6 2 	 0 0 0 0 0 0 0 0 0 0 1 0 0 0 0 0 0 0 0 0	 1 1 1 1 1 1 1 1 1 0 0 0 0 0 1 0 1 1 1 1	 0 0 1 0 0 0 0 0 0 0 0 0 0 0 0 0 0 0 0 0	    33.8
24	0	0	1	1 	0 1 0 0 	7 8 7 3 	 0 0 0 0 0 0 0 0 0 0 0 0 1 0 0 0 0 0 0 0	 1 1 1 1 1 1 1 1 1 0 0 1 0 1 1 1 1 1 1 1	 0 0 0 0 0 0 0 0 1 0 0 0 0 0 0 0 0 0 0 0	   150.3
20	0	0	3	1 	0 0 0 1 	7 8 7 3 	 0 0 0 0 0 0 0 0 0 0 0 0 0 1 0 0 0 0 0 0	 1 1 1 1 1 1 1 1 0 0 0 1 1 0 0 0 1 1 1 1	 0 0 0 1 0 0 0 0 0 0 0 0 0 0 0 0 0 0 0 0	    84.0
4	0	0	3	1 	0 0 0 1 	7 8 7 3 	 0 0 0 0 0 0 0 0 0 0 0 0 1 0 0 0 0 0 0 0	 1 1 1 1 1 1 1 1 0 0 0 1 0 0 1 0 1 1 1 1	 0 0 0 1 0 0 0 0 0 0 0 0 0 0 0 0 0 0 0 0	    73.4
1	0	0	3	1 	0 0 0 1 	7 8 7 3 	 0 0 0 0 0 0 0 0 0 0 0 1 0 0 0 0 0 0 0 0	 1 1 1 1 1 1 1 1 1 0 0 0 0 0 1 0 1 1 1 1	 0 0 0 1 0 0 0 0 0 0 0 0 0 0 0 0 0 0 0 0	    55.5
1	0	0	3	1 	0 0 0 1 	7 8 7 3 	 0 0 0 0 0 0 0 0 0 0 1 0 0 0 0 0 0 0 0 0	 1 1 1 1 1 1 1 1 1 0 0 0 0 0 1 0 1 1 1 1	 0 0 0 1 0 0 0 0 0 0 0 0 0 0 0 0 0 0 0 0	    49.8
10	0	0	3	1 	0 0 0 1 	7 8 7 3 	 0 1 0 0 0 0 0 0 0 0 0 0 0 0 0 0 0 0 0 0	 0 0 1 1 1 1 1 1 1 1 0 0 0 0 1 0 1 1 1 1	 0 0 0 1 0 0 0 0 0 0 0 0 0 0 0 0 0 0 0 0	    24.6
19	0	0	3	1 	0 0 0 1 	7 8 7 3 	 0 0 1 0 0 0 0 0 0 0 0 0 0 0 0 0 0 0 0 0	 0 1 0 1 1 1 1 1 1 1 0 0 0 0 1 0 1 1 1 1	 0 0 0 1 0 0 0 0 0 0 0 0 0 0 0 0 0 0 0 0	    13.8
20	0	0	3	1 	0 0 0 1 	7 8 7 3 	 0 0 0 1 0 0 0 0 0 0 0 0 0 0 0 0 0 0 0 0	 0 1 0 1 1 1 1 1 1 1 0 0 0 0 1 0 1 1 1 1	 0 0 0 1 0 0 0 0 0 0 0 0 0 0 0 0 0 0 0 0	     6.3
14	0	0	0	1 	1 0 0 0 	7 8 7 3 	 0 0 0 0 0 0 0 1 0 0 0 0 0 0 0 0 0 0 0 0	 1 1 1 1 1 0 1 0 1 1 0 0 0 1 1 1 1 1 1 1	 0 0 0 0 0 0 0 0 1 0 0 0 0 0 0 0 0 0 0 0	     8.4
8	0	0	2	1 	0 0 1 0 	7 8 7 3 	 0 0 0 0 0 1 0 0 0 0 0 0 0 0 0 0 0 0 0 0	 0 1 1 1 0 0 1 1 1 1 0 0 1 1 1 1 1 1 1 1	 0 0 0 0 0 0 0 1 0 0 0 0 0 0 0 0 0 0 0 0	    52.2
9	1	0	1	1 	0 1 0 0 	8 9 8 4 	 0 0 0 0 0 0 0 0 0 0 0 0 0 0 0 0 0 1 0 0	 1 1 1 1 1 1 0 1 0 0 0 1 1 1 1 1 1 0 0 1	 0 0 0 0 0 0 0 0 0 0 0 0 0 0 0 0 0 0 0 1	   273.9
9	1	0	1	1 	0 1 0 0 	8 9 8 4 	 0 0 0 0 0 0 0 0 0 0 0 0 0 0 0 1 0 0 0 0	 1 1 1 1 1 1 0 1 1 0 0 1 1 1 1 0 0 1 1 1	 0 0 0 0 0 0 0 0 0 0 0 0 0 0 0 0 0 0 0 1	   248.3
5	1	0	1	1 	0 1 0 0 	8 9 8 4 	 0 0 0 0 0 0 0 0 0 0 0 0 1 0 0 0 0 0 0 0	 1 1 1 1 1 1 0 1 1 0 0 1 0 1 1 1 1 1 1 1	 0 0 0 0 0 0 0 0 0 0 0 0 0 0 0 0 0 0 0 1	   190.3
8	1	0	1	1 	0 1 0 0 	8 9 8 4 	 0 0 0 0 0 0 0 0 0 0 0 0 1 0 0 0 0 0 0 0	 1 1 1 1 1 1 0 1 1 0 0 1 0 1 1 1 1 1 1 1	 0 0 0 0 0 0 0 0 0 0 0 0 0 0 0 0 0 0 0 1	   187.8
13	1	0	1	1 	0 1 0 0 	8 9 8 4 	 0 0 0 0 0 0 0 0 0 0 0 0 1 0 0 0 0 0 0 0	 1 1 1 1 1 1 0 1 1 0 0 1 0 1 1 1 1 1 1 1	 0 0 0 0 0 0 0 0 0 0 0 0 0 0 0 0 0 0 0 1	   184.1
1	1	0	1	1 	0 1 0 0 	8 9 8 4 	 1 0 0 0 0 0 0 0 0 0 0 0 0 0 0 0 0 0 0 0	 0 1 1 1 1 1 1 1 1 0 0 0 0 1 1 1 1 1 1 1	 0 0 0 0 0 0 0 0 0 0 0 0 0 0 0 0 0 0 0 1	   136.4
1	1	0	1	1 	0 1 0 0 	8 9 8 4 	 0 0 1 0 0 0 0 0 0 0 0 0 0 0 0 0 0 0 0 0	 0 0 1 1 1 1 1 1 1 0 0 0 1 1 1 1 1 1 1 1	 0 0 0 0 0 0 0 0 0 0 0 0 0 0 0 0 0 0 0 1	   121.7
13	1	0	1	1 	0 1 0 0 	8 9 8 4 	 0 0 0 1 0 0 0 0 0 0 0 0 0 0 0 0 0 0 0 0	 0 0 1 0 1 1 1 1 1 1 0 0 1 1 1 1 1 1 1 1	 0 0 0 0 0 0 0 0 0 0 0 0 0 0 0 0 0 0 0 1	   103.5
19	1	0	1	1 	0 1 0 0 	8 9 8 4 	 0 0 0 0 0 0 1 0 0 0 0 0 0 0 0 0 0 0 0 0	 0 1 1 1 0 1 0 1 1 1 0 0 1 1 1 1 1 1 1 1	 0 0 0 0 0 0 0 0 0 0 0 0 0 0 0 0 0 0 0 1	    51.1
13	1	0	1	1 	0 1 0 0 	8 9 8 4 	 0 0 0 0 0 0 0 1 0 0 0 0 0 0 0 0 0 0 0 0	 1 1 1 1 0 1 0 0 1 1 0 0 1 1 1 1 1 1 1 1	 0 0 0 0 0 0 0 0 0 0 0 0 0 0 0 0 0 0 0 1	    34.5
6	1	0	1	1 	0 1 0 0 	8 9 8 4 	 0 0 0 0 0 0 0 0 0 1 0 0 0 0 0 0 0 0 0 0	 1 1 1 1 1 1 0 0 0 1 0 0 1 1 1 1 1 1 1 1	 0 0 0 0 0 0 0 0 0 0 0 0 0 0 0 0 0 0 0 1	    10.0
1	0	0	3	1 	0 0 0 1 	8 9 8 4 	 0 0 0 0 0 0 0 0 0 0 0 1 0 0 0 0 0 0 0 0	 1 1 1 1 1 1 1 1 0 0 0 1 0 0 1 0 1 1 1 1	 0 0 0 0 1 0 0 0 0 0 0 0 0 0 0 0 0 0 0 0	    87.8
28	0	0	3	1 	0 0 0 1 	8 9 8 4 	 0 0 0 1 0 0 0 0 0 0 0 0 0 0 0 0 0 0 0 0	 0 1 1 0 1 1 1 1 1 1 0 0 0 0 1 0 1 1 1 1	 0 0 0 0 1 0 0 0 0 0 0 0 0 0 0 0 0 0 0 0	    21.5
48	1	0	1	1 	0 1 0 0 	8 9 9 4 	 0 0 0 0 0 0 0 0 0 0 0 0 0 0 0 0 0 0 0 1	 1 1 1 1 1 1 1 0 0 0 0 1 1 1 1 1 1 1 1 1	 0 0 0 0 0 0 0 0 0 0 0 0 0 0 0 0 0 0 0 1	     0.7
6	1	0	2	1 	0 0 1 0 	8 9 9 4 	 0 0 0 0 0 0 0 1 0 0 0 0 0 0 0 0 0 0 0 0	 1 1 1 1 1 1 1 0 1 1 0 0 1 1 1 1 1 1 1 1	 0 0 0 0 0 0 0 0 0 0 0 0 0 0 0 0 0 0 0 1	    24.0
3	1	0	2	1 	0 0 1 0 	9 9 8 4 	 0 0 0 0 0 0 0 1 0 0 0 0 0 0 0 0 0 0 0 0	 1 1 1 1 1 1 1 1 1 1 0 0 1 1 1 1 1 1 1 1	 0 0 0 0 0 0 0 0 0 0 0 0 0 0 0 0 0 0 1 0	    40.7
6	1	0	2	1 	0 0 1 0 	9 9 8 4 	 0 0 0 0 0 0 0 1 0 0 0 0 0 0 0 0 0 0 0 0	 1 1 1 1 1 1 1 0 1 1 0 0 1 1 1 1 1 1 1 1	 0 0 0 0 0 0 0 0 0 0 0 0 0 0 0 0 0 0 1 0	    38.4
6	1	0	2	1 	0 0 1 0 	9 9 8 4 	 0 0 0 0 0 0 0 1 0 0 0 0 0 0 0 0 0 0 0 0	 1 1 1 1 1 1 1 0 1 1 0 0 1 1 1 1 1 1 1 1	 0 0 0 0 0 0 0 0 0 0 0 0 0 0 0 0 0 0 1 0	    33.9
1	1	0	2	1 	0 0 1 0 	9 9 8 4 	 0 0 0 0 0 0 0 0 1 0 0 0 0 0 0 0 0 0 0 0	 1 1 1 1 1 1 1 0 0 1 0 0 1 1 1 1 1 1 1 1	 0 0 0 0 0 0 0 0 0 0 0 0 0 0 0 0 0 0 1 0	    25.3
1	1	0	2	1 	0 0 1 0 	9 9 8 4 	 0 0 0 0 0 0 0 0 0 1 0 0 0 0 0 0 0 0 0 0	 1 1 1 1 1 1 1 0 0 0 0 0 1 1 1 1 1 1 1 1	 0 0 0 0 0 0 0 0 0 0 0 0 0 0 0 0 0 0 1 0	    14.0
55	1	0	1	1 	0 1 0 0 	9 9 8 4 	 0 0 0 0 0 0 0 0 0 0 0 0 0 0 0 0 0 0 0 1	 1 1 1 1 1 1 1 0 0 0 0 1 1 1 1 1 1 1 1 1	 0 0 0 0 0 0 0 0 0 0 0 0 0 0 0 0 0 0 0 1	     8.0
17	0	0	3	1 	0 0 0 1 	9 9 8 4 	 0 0 0 0 1 0 0 0 0 0 0 0 0 0 0 0 0 0 0 0	 0 1 1 0 1 1 1 1 1 1 0 0 0 1 1 1 1 1 1 1	 0 0 0 0 1 0 0 0 0 0 0 0 0 0 0 0 0 0 0 0	     2.7
12	1	0	2	1 	0 0 1 0 	9 9 8 4 	 0 0 0 0 0 0 0 0 0 0 0 0 0 0 0 0 0 0 1 0	 1 1 1 1 1 1 1 0 0 0 0 0 1 1 1 1 1 1 1 0	 0 0 0 0 0 0 0 0 0 0 0 0 0 0 0 0 0 0 1 0	     0.6
2	1	0	2	1 	0 0 1 0 	9 9 8 4 	 0 0 0 0 0 0 0 0 0 0 0 0 0 0 0 0 0 0 0 1	 1 1 1 1 1 1 1 0 0 0 0 0 1 1 1 1 1 1 1 0	 0 0 0 0 0 0 0 0 0 0 0 0 0 0 0 0 0 0 1 0	    11.8
21	0	0	3	1 	0 0 0 1 	9 9 8 4 	 0 0 0 0 1 0 0 0 0 0 0 0 0 0 0 0 0 0 0 0	 0 1 1 0 1 1 1 1 1 1 0 0 0 1 1 1 1 1 1 1	 0 0 0 0 1 0 0 0 0 0 0 0 0 0 0 0 0 0 0 0	     0.6
26	0	0	3	1 	0 0 0 1 	9 9 8 4 	 0 0 0 0 1 0 0 0 0 0 0 0 0 0 0 0 0 0 0 0	 0 1 1 0 1 1 1 1 1 1 0 0 0 1 1 1 1 1 1 1	 0 0 0 0 1 0 0 0 0 0 0 0 0 0 0 0 0 0 0 0	     1.4
17	1	0	2	1 	0 0 1 0 	9 8 8 4 	 0 0 0 0 0 0 0 0 0 0 0 0 0 0 0 0 0 0 1 0	 1 1 1 1 1 1 1 0 0 0 0 1 1 1 1 1 1 1 1 1	 0 0 0 0 0 0 0 0 0 0 0 0 0 0 0 0 0 0 1 0	     3.7
17	1	0	2	1 	0 0 1 0 	9 8 8 4 	 0 0 0 0 0 0 0 0 0 0 0 0 0 0 0 0 0 0 1 0	 1 1 1 1 1 1 1 0 0 0 0 1 1 1 1 1 1 1 1 1	 0 0 0 0 0 0 0 0 0 0 0 0 0 0 0 0 0 0 1 0	     2.6
1	1	0	0	1 	1 0 0 0 	9 8 8 4 	 0 0 0 0 0 0 0 0 0 0 0 0 0 0 0 0 0 0 0 1	 1 1 1 1 1 1 1 1 0 0 0 0 0 1 1 1 1 1 1 1	 0 0 0 0 0 0 0 0 0 0 0 0 0 0 0 0 0 0 0 1	     7.0
4	1	0	0	1 	1 0 0 0 	9 8 8 4 	 0 0 0 0 0 0 0 0 0 0 0 0 0 0 0 0 0 0 0 1	 1 1 1 1 1 1 1 1 0 0 0 0 0 1 1 1 1 1 1 1	 0 0 0 0 0 0 0 0 0 0 0 0 0 0 0 0 0 0 0 1	     0.2
20	0	0	3	1 	0 0 0 1 	9 7 7 5 	 0 0 1 0 0 0 0 0 0 0 0 0 0 0 0 0 0 0 0 0	 0 1 0 1 1 1 1 1 1 1 0 0 0 0 1 0 1 1 1 1	 0 0 0 0 0 1 0 0 0 0 0 0 0 0 0 0 0 0 0 0	    78.8
42	0	0	3	1 	0 0 0 1 	9 7 7 5 	 0 0 0 1 0 0 0 0 0 0 0 0 0 0 0 0 0 0 0 0	 0 1 1 0 1 1 1 1 1 1 0 0 0 0 1 1 1 1 1 1	 0 0 0 0 0 1 0 0 0 0 0 0 0 0 0 0 0 0 0 0	    56.1
6	1	0	2	1 	0 0 1 0 	9 7 7 5 	 0 0 0 0 0 0 0 0 1 0 0 0 0 0 0 0 0 0 0 0	 1 1 1 1 1 1 1 0 1 1 0 0 1 1 1 1 1 1 1 1	 0 0 0 0 0 0 0 0 0 0 0 0 0 0 0 0 0 1 0 0	    58.0
22	1	0	2	1 	0 0 1 0 	9 7 7 5 	 0 0 0 0 0 0 0 0 0 0 0 0 0 0 0 0 0 1 0 0	 1 1 1 1 1 1 1 1 1 0 0 1 1 1 1 1 1 1 1 1	 0 0 0 0 0 0 0 0 0 0 0 0 0 0 0 0 0 1 0 0	     0.7
43	1	0	1	1 	0 1 0 0 	9 7 7 5 	 0 0 0 0 0 0 0 0 0 0 0 0 0 0 0 0 0 1 0 0	 1 1 1 1 1 1 1 0 0 0 0 1 1 1 1 1 1 1 0 1	 0 0 0 0 0 0 0 0 0 0 0 0 0 0 0 0 0 1 0 0	    10.8
43	1	0	1	1 	0 1 0 0 	9 7 7 5 	 0 0 0 0 0 0 0 0 0 0 0 0 0 0 0 0 0 1 0 0	 1 1 1 1 1 1 1 0 0 0 0 1 1 1 1 1 1 1 0 1	 0 0 0 0 0 0 0 0 0 0 0 0 0 0 0 0 0 1 0 0	     6.8
7	1	0	0	1 	1 0 0 0 	9 7 7 5 	 0 0 0 0 0 0 0 0 0 0 0 0 0 0 0 0 0 0 0 1	 1 1 1 1 1 1 1 1 0 0 0 0 0 1 1 1 1 1 1 1	 0 0 0 0 0 0 0 0 0 0 0 0 0 0 0 0 0 0 0 1	     4.1
9	1	0	0	1 	1 0 0 0 	9 7 7 6 	 0 0 0 0 0 0 0 0 0 0 0 0 0 0 0 0 0 0 0 1	 1 1 1 1 1 1 1 1 0 0 0 0 0 1 1 1 1 1 1 1	 0 0 0 0 0 0 0 0 0 0 0 0 0 0 0 0 0 0 0 1	     3.0
31	1	0	1	1 	0 1 0 0 	9 6 7 6 	 0 0 0 0 0 1 0 0 0 0 0 0 0 0 0 0 0 0 0 0	 0 1 1 1 0 0 1 1 1 1 0 0 1 1 1 1 1 1 1 1	 0 0 0 0 0 0 0 0 0 0 0 0 0 0 0 0 1 0 0 0	   140.9
6	1	0	1	1 	0 1 0 0 	9 6 7 6 	 0 0 0 0 0 0 0 0 1 0 0 0 0 0 0 0 0 0 0 0	 1 1 1 1 1 1 0 0 0 1 0 0 1 1 1 1 1 1 1 1	 0 0 0 0 0 0 0 0 0 0 0 0 0 0 0 0 1 0 0 0	    81.8
2	0	0	3	1 	0 0 0 1 	9 6 7 6 	 0 0 0 0 1 0 0 0 0 0 0 0 0 0 0 0 0 0 0 0	 0 1 1 0 0 1 1 1 1 1 0 0 0 0 1 1 1 1 1 1	 0 0 0 0 0 0 1 0 0 0 0 0 0 0 0 0 0 0 0 0	    74.4
33	0	0	3	1 	0 0 0 1 	9 6 7 6 	 0 0 0 0 0 1 0 0 0 0 0 0 0 0 0 0 0 0 0 0	 0 1 1 1 0 0 1 1 1 1 0 0 0 1 1 1 1 1 1 1	 0 0 0 0 0 0 1 0 0 0 0 0 0 0 0 0 0 0 0 0	    25.1
35	0	0	3	1 	0 0 0 1 	9 6 7 6 	 0 0 0 0 0 0 1 0 0 0 0 0 0 0 0 0 0 0 0 0	 0 1 1 1 0 0 1 1 1 1 0 0 0 1 1 1 1 1 1 1	 0 0 0 0 0 0 1 0 0 0 0 0 0 0 0 0 0 0 0 0	    15.3
35	0	0	3	1 	0 0 0 1 	8 6 6 6 	 0 0 0 0 0 1 0 0 0 0 0 0 0 0 0 0 0 0 0 0	 0 1 1 1 0 0 1 1 1 1 0 0 0 1 1 1 1 1 1 1	 0 0 0 0 0 0 1 0 0 0 0 0 0 0 0 0 0 0 0 0	    27.4
9	1	0	0	1 	1 0 0 0 	8 6 6 6 	 0 0 0 0 0 0 0 0 0 0 0 0 0 0 0 0 0 0 0 1	 1 1 1 1 1 1 1 1 0 0 0 0 0 1 1 1 1 1 1 0	 0 0 0 0 0 0 0 0 0 0 0 0 0 0 0 0 0 0 1 0	    22.3
1	1	0	0	1 	1 0 0 0 	8 6 6 6 	 0 0 0 0 0 0 0 0 0 0 0 0 0 0 0 0 0 0 1 0	 1 1 1 1 1 1 1 1 0 0 0 0 0 1 1 1 1 1 1 0	 0 0 0 0 0 0 0 0 0 0 0 0 0 0 0 0 0 0 1 0	     0.3
7	1	0	0	1 	1 0 0 0 	8 5 6 6 	 0 0 0 0 0 0 0 0 0 0 0 0 0 0 0 0 0 0 1 0	 1 1 1 1 1 1 1 1 0 0 0 0 0 1 1 1 1 1 1 0	 0 0 0 0 0 0 0 0 0 0 0 0 0 0 0 0 0 0 1 0	     1.9
35	1	0	2	1 	0 0 1 0 	8 5 6 7 	 0 0 0 0 0 0 0 0 0 0 0 0 0 0 0 0 0 1 0 0	 1 1 1 1 1 1 1 1 1 0 0 1 1 1 1 1 1 1 1 1	 0 0 0 0 0 0 0 0 0 0 0 0 0 0 0 0 1 0 0 0	    26.9
35	1	0	2	1 	0 0 1 0 	8 5 6 7 	 0 0 0 0 0 0 0 0 0 0 0 0 0 0 0 0 1 0 0 0	 1 1 1 1 1 1 1 1 1 0 0 1 1 1 1 1 1 0 1 1	 0 0 0 0 0 0 0 0 0 0 0 0 0 0 0 0 1 0 0 0	    12.6
43	1	0	1	1 	0 1 0 0 	8 4 6 7 	 0 0 0 0 0 0 0 0 0 0 0 0 0 0 0 0 0 0 1 0	 1 1 1 1 1 1 1 0 0 0 0 1 1 1 1 1 1 1 0 1	 0 0 0 0 0 0 0 0 0 0 0 0 0 0 1 0 0 0 0 0	    58.0
16	1	0	1	1 	0 1 0 0 	8 4 6 7 	 0 0 0 0 0 0 0 0 0 0 0 0 0 0 0 0 1 0 0 0	 1 1 1 1 1 1 1 1 0 0 0 1 1 1 1 1 0 0 1 1	 0 0 0 0 0 0 0 0 0 0 0 0 0 0 1 0 0 0 0 0	    21.3
8	1	0	1	1 	0 1 0 0 	8 4 6 7 	 0 0 0 0 0 0 0 0 0 0 0 0 0 0 0 1 0 0 0 0	 1 1 1 1 1 1 1 1 0 0 0 1 1 1 1 0 1 0 1 1	 0 0 0 0 0 0 0 0 0 0 0 0 0 0 1 0 0 0 0 0	     7.0
11	1	0	0	1 	1 0 0 0 	7 4 5 8 	 0 0 0 0 0 0 0 0 0 0 0 0 0 0 0 0 0 0 0 1	 1 1 1 1 1 1 1 1 0 0 0 0 0 1 1 1 1 1 1 0	 0 0 0 0 0 0 0 0 0 0 0 0 0 0 0 0 0 1 0 0	    38.8
10	1	0	0	1 	1 0 0 0 	7 4 5 8 	 0 0 0 0 0 0 0 0 0 0 0 0 0 0 0 0 0 0 1 0	 1 1 1 1 1 1 1 1 0 0 0 0 0 1 1 1 1 1 1 0	 0 0 0 0 0 0 0 0 0 0 0 0 0 0 0 0 0 1 0 0	    17.3
10	1	0	0	1 	1 0 0 0 	7 4 5 8 	 0 0 0 0 0 0 0 0 0 0 0 0 0 0 0 0 0 0 1 0	 1 1 1 1 1 1 1 1 0 0 0 0 0 1 1 1 1 1 1 0	 0 0 0 0 0 0 0 0 0 0 0 0 0 0 0 0 0 1 0 0	    15.4
10	1	0	0	1 	1 0 0 0 	7 4 5 8 	 0 0 0 0 0 0 0 0 0 0 0 0 0 0 0 0 0 0 1 0	 1 1 1 1 1 1 1 1 0 0 0 0 0 1 1 1 1 1 1 0	 0 0 0 0 0 0 0 0 0 0 0 0 0 0 0 0 0 1 0 0	    12.8
24	1	0	1	1 	0 1 0 0 	7 4 5 8 	 0 0 0 0 0 0 0 0 0 0 0 0 0 0 1 0 0 0 0 0	 1 1 1 1 1 1 1 1 0 0 0 1 1 1 1 1 1 0 1 1	 0 0 0 0 0 0 0 0 0 0 0 0 0 0 1 0 0 0 0 0	     0.0
26	1	0	2	1 	0 0 1 0 	7 4 5 8 	 0 0 0 0 0 0 0 0 0 0 0 0 0 0 0 0 0 1 0 0	 1 1 1 1 1 1 1 1 1 0 0 1 1 1 1 1 1 1 1 1	 0 0 0 0 0 0 0 0 0 0 0 0 0 0 0 1 0 0 0 0	    59.6
32	1	0	2	1 	0 0 1 0 	7 4 5 8 	 0 0 0 0 0 0 0 0 0 0 0 0 0 0 0 0 1 0 0 0	 1 1 1 1 1 1 1 1 1 0 0 1 1 1 1 1 0 0 1 1	 0 0 0 0 0 0 0 0 0 0 0 0 0 0 0 1 0 0 0 0	    32.4
28	1	0	2	1 	0 0 1 0 	7 4 5 8 	 0 0 0 0 0 0 0 0 0 0 0 0 0 0 0 0 1 0 0 0	 1 1 1 1 1 1 1 1 1 0 0 1 1 1 1 1 0 0 1 1	 0 0 0 0 0 0 0 0 0 0 0 0 0 0 0 1 0 0 0 0	    11.3
20	1	0	3	1 	0 0 0 1 	6 4 5 9 	 0 0 0 0 0 0 1 0 0 0 0 0 0 0 0 0 0 0 0 0	 0 1 1 1 0 0 0 1 1 1 0 0 1 1 1 1 1 1 1 1	 0 0 0 0 0 0 0 0 0 0 0 0 0 0 0 0 0 0 0 1	    44.0
17	1	0	3	1 	0 0 0 1 	6 4 5 9 	 0 0 0 0 0 0 0 1 0 0 0 0 0 0 0 0 0 0 0 0	 0 1 1 1 1 0 0 0 1 1 0 0 1 1 1 1 1 1 1 1	 0 0 0 0 0 0 0 0 0 0 0 0 0 0 0 0 0 0 0 1	    31.2
3	1	0	3	1 	0 0 0 1 	6 4 5 9 	 0 0 0 0 0 0 0 0 1 0 0 0 0 0 0 0 0 0 0 0	 0 1 1 1 1 0 0 0 0 1 0 0 1 1 1 1 1 1 1 1	 0 0 0 0 0 0 0 0 0 0 0 0 0 0 0 0 0 0 0 1	    13.9
3	1	0	0	1 	1 0 0 0 	6 4 5 9 	 0 0 0 0 0 0 0 0 0 0 0 0 0 0 0 0 0 0 1 0	 1 1 1 1 1 1 1 1 0 0 0 0 0 1 1 1 1 1 0 0	 0 0 0 0 0 0 0 0 0 0 0 0 0 0 0 0 1 0 0 0	    40.1
20	1	0	0	1 	1 0 0 0 	6 4 5 9 	 0 0 0 0 0 0 0 0 0 0 0 0 0 0 0 0 1 0 0 0	 1 1 1 1 1 1 1 1 0 0 0 1 1 1 1 1 1 0 0 1	 0 0 0 0 0 0 0 0 0 0 0 0 0 0 0 0 1 0 0 0	     4.9
4	1	0	3	1 	0 0 0 1 	6 4 5 9 	 0 0 0 0 0 0 0 0 0 0 0 0 0 0 0 0 0 0 0 1	 1 1 1 1 1 0 0 0 0 0 0 1 1 1 1 1 1 1 1 1	 0 0 0 0 0 0 0 0 0 0 0 0 0 0 0 0 0 0 0 1	     0.0
9	1	0	3	1 	0 0 0 1 	6 4 5 9 	 0 0 0 0 0 0 0 0 0 0 0 0 0 0 0 0 0 0 0 1	 1 1 1 1 1 0 0 0 0 0 0 1 1 1 1 1 1 1 1 1	 0 0 0 0 0 0 0 0 0 0 0 0 0 0 0 0 0 0 0 1	     0.2
8	1	0	1	1 	0 1 0 0 	6 3 4 9 	 0 0 0 0 0 0 0 0 1 0 0 0 0 0 0 0 0 0 0 0	 1 1 1 1 1 1 0 0 0 1 0 0 1 1 1 1 1 1 1 1	 0 0 0 0 0 0 0 0 0 0 0 0 0 1 0 0 0 0 0 0	   159.1
43	1	0	1	1 	0 1 0 0 	6 3 4 9 	 0 0 0 0 0 0 0 0 0 0 0 0 0 0 0 0 0 0 0 1	 1 1 1 1 1 1 1 0 0 0 0 1 1 1 1 1 1 1 1 0	 0 0 0 0 0 0 0 0 0 0 0 0 0 1 0 0 0 0 0 0	   129.1
55	1	0	1	1 	0 1 0 0 	6 3 4 9 	 0 0 0 0 0 0 0 0 0 0 0 0 0 0 0 0 0 0 0 1	 1 1 1 1 1 1 1 0 0 0 0 1 1 1 1 1 1 1 1 1	 0 0 0 0 0 0 0 0 0 0 0 0 0 1 0 0 0 0 0 0	   114.6
43	1	0	1	1 	0 1 0 0 	6 3 4 9 	 0 0 0 0 0 0 0 0 0 0 0 0 0 0 0 0 0 1 0 0	 1 1 1 1 1 1 1 0 0 0 0 1 1 1 1 1 1 1 0 1	 0 0 0 0 0 0 0 0 0 0 0 0 0 1 0 0 0 0 0 0	    88.2
8	1	0	1	1 	0 1 0 0 	6 3 4 9 	 0 0 0 0 0 0 0 0 0 0 0 0 0 0 0 0 1 0 0 0	 1 1 1 1 1 1 1 0 0 0 0 1 1 1 1 1 1 0 1 1	 0 0 0 0 0 0 0 0 0 0 0 0 0 1 0 0 0 0 0 0	    67.3
34	1	0	1	1 	0 1 0 0 	6 3 4 9 	 0 0 0 0 0 0 0 0 0 0 0 0 0 0 1 0 0 0 0 0	 1 1 1 1 1 1 1 1 0 0 0 1 1 1 1 1 1 1 1 1	 0 0 0 0 0 0 0 0 0 0 0 0 0 1 0 0 0 0 0 0	    15.0
34	1	0	1	1 	0 1 0 0 	6 3 4 9 	 0 0 0 0 0 0 0 0 0 0 0 0 0 1 0 0 0 0 0 0	 1 1 1 1 1 1 1 1 0 0 0 1 1 1 0 1 1 1 1 1	 0 0 0 0 0 0 0 0 0 0 0 0 0 1 0 0 0 0 0 0	     2.1
1	1	0	2	1 	0 0 1 0 	5 3 4 9 	 0 0 0 0 0 0 0 0 0 0 0 0 0 0 1 0 0 0 0 0	 1 1 1 1 1 1 1 1 1 0 0 1 1 1 1 1 1 1 1 1	 0 0 0 0 0 0 0 0 0 0 0 0 0 0 1 0 0 0 0 0	     2.6
23	1	0	3	1 	0 0 0 1 	5 3 4 8 	 0 0 0 0 0 0 1 0 0 0 0 0 0 0 0 0 0 0 0 0	 0 1 1 1 0 0 0 1 1 1 0 0 1 1 1 1 1 1 1 1	 0 0 0 0 0 0 0 0 0 0 0 0 0 0 0 0 0 0 1 0	    64.5
4	1	0	3	1 	0 0 0 1 	5 3 4 8 	 0 0 0 0 0 0 0 0 1 0 0 0 0 0 0 0 0 0 0 0	 0 1 1 1 1 0 0 0 0 1 0 0 1 1 1 1 1 1 1 1	 0 0 0 0 0 0 0 0 0 0 0 0 0 0 0 0 0 0 1 0	    44.6
3	1	0	3	1 	0 0 0 1 	5 3 4 8 	 0 0 0 0 0 0 0 0 0 1 0 0 0 0 0 0 0 0 0 0	 0 1 1 1 1 0 0 0 0 1 0 0 1 1 1 1 1 1 1 1	 0 0 0 0 0 0 0 0 0 0 0 0 0 0 0 0 0 0 1 0	    34.9
7	1	0	3	1 	0 0 0 1 	5 3 4 8 	 0 0 0 0 0 0 0 0 0 0 0 0 0 0 0 0 0 0 0 1	 1 1 1 1 1 0 0 0 0 0 0 1 1 1 1 1 1 1 1 1	 0 0 0 0 0 0 0 0 0 0 0 0 0 0 0 0 0 0 1 0	    27.2
17	1	0	3	1 	0 0 0 1 	5 3 4 8 	 0 0 0 0 0 0 0 0 0 0 0 0 0 0 0 0 0 0 0 1	 1 1 1 1 1 1 0 0 0 0 0 1 1 1 1 1 1 1 1 1	 0 0 0 0 0 0 0 0 0 0 0 0 0 0 0 0 0 0 1 0	    19.7
17	1	0	3	1 	0 0 0 1 	5 3 4 8 	 0 0 0 0 0 0 0 0 0 0 0 0 0 0 0 0 0 0 0 1	 1 1 1 1 1 1 0 0 0 0 0 1 1 1 1 1 1 1 1 0	 0 0 0 0 0 0 0 0 0 0 0 0 0 0 0 0 0 0 1 0	    13.2
1	1	0	2	1 	0 0 1 0 	4 2 3 8 	 0 0 0 0 0 0 0 0 0 0 0 0 0 0 1 0 0 0 0 0	 1 1 1 1 1 1 1 1 1 0 0 1 1 1 1 1 1 1 1 1	 0 0 0 0 0 0 0 0 0 0 0 0 0 1 0 0 0 0 0 0	    17.4
27	1	0	1	1 	0 1 0 0 	4 2 3 8 	 0 0 0 0 0 0 1 0 0 0 0 0 0 0 0 0 0 0 0 0	 0 1 1 1 0 0 0 1 1 1 0 0 1 1 1 1 1 1 1 1	 0 0 0 0 0 0 0 0 0 0 0 0 1 0 0 0 0 0 0 0	   224.5
56	1	0	1	1 	0 1 0 0 	4 2 3 8 	 0 0 0 0 0 0 0 0 0 0 0 0 0 0 0 0 0 0 1 0	 1 1 1 1 1 1 1 0 0 0 0 1 1 1 1 1 1 1 1 0	 0 0 0 0 0 0 0 0 0 0 0 0 1 0 0 0 0 0 0 0	   131.4
30	1	0	1	1 	0 1 0 0 	4 2 3 8 	 0 0 0 0 0 0 0 0 0 0 0 0 0 0 1 0 0 0 0 0	 1 1 1 1 1 1 1 1 0 0 0 1 1 1 1 1 1 0 1 1	 0 0 0 0 0 0 0 0 0 0 0 0 1 0 0 0 0 0 0 0	    50.7
13	1	0	0	1 	1 0 0 0 	3 2 2 7 	 0 0 0 0 0 0 0 0 0 0 0 0 0 0 0 1 0 0 0 0	 1 1 1 1 1 1 1 1 0 0 0 1 1 1 1 0 0 1 1 1	 0 0 0 0 0 0 0 0 0 0 0 0 0 1 0 0 0 0 0 0	    22.7
3	1	0	3	1 	0 0 0 1 	3 2 2 7 	 0 0 0 0 0 0 0 0 1 0 0 0 0 0 0 0 0 0 0 0	 0 1 1 1 1 0 0 0 0 1 0 0 1 1 1 1 1 1 1 1	 0 0 0 0 0 0 0 0 0 0 0 0 0 0 0 0 0 1 0 0	    64.4
17	1	0	3	1 	0 0 0 1 	2 1 0 6 	 0 0 0 0 0 0 0 0 0 0 0 0 0 0 0 0 0 0 0 1	 1 1 1 1 1 1 0 0 0 0 0 1 1 1 1 1 1 1 1 0	 0 0 0 0 0 0 0 0 0 0 0 0 0 0 0 0 1 0 0 0	    50.6
11	1	0	3	1 	0 0 0 1 	2 1 0 6 	 0 0 0 0 0 0 0 0 0 0 0 0 0 0 0 0 1 0 0 0	 1 1 1 1 1 1 1 0 0 0 0 1 1 1 1 1 1 0 1 1	 0 0 0 0 0 0 0 0 0 0 0 0 0 0 0 0 1 0 0 0	    11.4
7	1	0	3	1 	0 0 0 1 	1 1 0 6 	 0 0 0 0 0 0 0 0 0 0 0 0 0 0 0 0 1 0 0 0	 1 1 1 1 1 1 1 0 1 0 0 1 1 1 1 1 1 0 1 1	 0 0 0 0 0 0 0 0 0 0 0 0 0 0 0 0 1 0 0 0	     0.8
11	1	0	3	1 	0 0 0 1 	1 1 0 6 	 0 0 0 0 0 0 0 0 0 0 0 0 0 0 0 0 1 0 0 0	 1 1 1 1 1 1 1 0 1 0 0 1 1 1 1 1 1 0 1 1	 0 0 0 0 0 0 0 0 0 0 0 0 0 0 0 0 1 0 0 0	     2.7
16	1	0	3	1 	0 0 0 1 	1 1 0 6 	 0 0 0 0 0 0 0 0 0 0 0 0 0 0 0 0 1 0 0 0	 1 1 1 1 1 1 1 0 1 0 0 1 1 1 1 1 1 0 1 1	 0 0 0 0 0 0 0 0 0 0 0 0 0 0 0 0 1 0 0 0	     0.4
10	0	0	2	1 	0 0 1 0 	1 1 0 6 	 0 0 0 0 0 1 0 0 0 0 0 0 0 0 0 0 0 0 0 0	 1 1 1 1 1 0 1 1 1 1 0 0 1 1 1 1 1 1 1 1	 1 0 0 0 0 0 0 0 0 0 0 0 0 0 0 0 0 0 0 0	   255.5
20	0	0	2	1 	0 0 1 0 	1 1 0 6 	 0 0 0 0 0 0 0 0 0 0 0 0 0 0 0 0 0 1 0 0	 1 1 1 1 1 1 1 1 1 0 0 1 1 1 1 1 1 1 0 1	 1 0 0 0 0 0 0 0 0 0 0 0 0 0 0 0 0 0 0 0	   160.2
22	0	0	2	1 	0 0 1 0 	1 1 0 6 	 0 0 0 0 0 0 0 0 0 0 0 0 0 0 0 1 0 0 0 0	 1 1 1 1 1 1 1 1 1 0 0 1 1 1 1 0 1 0 1 1	 1 0 0 0 0 0 0 0 0 0 0 0 0 0 0 0 0 0 0 0	    80.3
10	1	0	3	1 	0 0 0 1 	0 0 1 5 	 0 0 0 0 0 0 0 0 0 0 0 0 0 0 0 0 1 0 0 0	 1 1 1 1 1 1 1 0 0 0 0 1 1 1 1 1 0 0 1 1	 0 0 0 0 0 0 0 0 0 0 0 0 0 0 0 1 0 0 0 0	    34.5
4	1	0	3	1 	0 0 0 1 	0 0 1 5 	 0 0 0 0 0 0 0 0 0 0 0 0 0 0 0 0 1 0 0 0	 1 1 1 1 1 1 1 0 1 0 0 1 1 1 1 1 0 0 1 1	 0 0 0 0 0 0 0 0 0 0 0 0 0 0 0 1 0 0 0 0	    29.4
14	0	0	2	1 	0 0 1 0 	0 0 1 5 	 0 0 0 0 0 1 0 0 0 0 0 0 0 0 0 0 0 0 0 0	 0 1 0 1 0 1 1 1 1 1 0 0 1 1 1 1 1 1 1 1	 0 1 0 0 0 0 0 0 0 0 0 0 0 0 0 0 0 0 0 0	   295.9
3	0	0	2	1 	0 0 1 0 	0 0 1 5 	 0 0 0 0 0 0 1 0 0 0 0 0 0 0 0 0 0 0 0 0	 1 1 1 1 1 0 0 1 1 1 0 0 1 1 1 1 1 1 1 1	 0 1 0 0 0 0 0 0 0 0 0 0 0 0 0 0 0 0 0 0	   249.2
1	0	0	2	1 	0 0 1 0 	0 0 1 5 	 0 0 0 0 0 0 0 0 1 0 0 0 0 0 0 0 0 0 0 0	 1 1 1 1 1 1 1 0 0 1 0 0 1 1 1 1 1 1 1 1	 0 1 0 0 0 0 0 0 0 0 0 0 0 0 0 0 0 0 0 0	   225.3
17	0	0	2	1 	0 0 1 0 	0 0 1 5 	 0 0 0 0 0 0 0 0 0 0 0 0 0 0 0 0 0 0 1 0	 1 1 1 1 1 1 1 0 0 0 0 1 1 1 1 1 1 1 1 1	 0 1 0 0 0 0 0 0 0 0 0 0 0 0 0 0 0 0 0 0	   187.6
20	0	0	2	1 	0 0 1 0 	0 0 1 5 	 0 0 0 0 0 0 0 0 0 0 0 0 0 0 0 0 0 1 0 0	 1 1 1 1 1 1 1 1 1 0 0 1 1 1 1 1 1 1 0 1	 0 1 0 0 0 0 0 0 0 0 0 0 0 0 0 0 0 0 0 0	   177.5
20	0	0	2	1 	0 0 1 0 	0 0 1 5 	 0 0 0 0 0 0 0 0 0 0 0 0 0 0 0 0 0 1 0 0	 1 1 1 1 1 1 1 1 1 0 0 1 1 1 1 1 1 1 0 1	 0 1 0 0 0 0 0 0 0 0 0 0 0 0 0 0 0 0 0 0	   177.2
34	0	0	2	1 	0 0 1 0 	0 0 1 5 	 0 0 0 0 0 0 0 0 0 0 0 0 0 0 0 0 0 1 0 0	 1 1 1 1 1 1 1 1 1 0 0 1 1 1 1 1 1 1 1 1	 0 1 0 0 0 0 0 0 0 0 0 0 0 0 0 0 0 0 0 0	   160.6
25	0	0	2	1 	0 0 1 0 	0 0 1 5 	 0 0 0 0 0 0 0 0 0 0 0 0 0 0 0 0 1 0 0 0	 1 1 1 1 1 1 1 1 1 0 0 1 1 1 1 1 0 0 1 1	 0 1 0 0 0 0 0 0 0 0 0 0 0 0 0 0 0 0 0 0	   133.2
1	0	0	2	1 	0 0 1 0 	0 0 1 5 	 0 0 0 0 0 0 0 0 0 0 0 0 0 0 1 0 0 0 0 0	 1 1 1 1 1 1 1 1 1 0 0 1 1 1 0 0 1 0 1 1	 0 1 0 0 0 0 0 0 0 0 0 0 0 0 0 0 0 0 0 0	    82.7
1	0	0	2	1 	0 0 1 0 	1 1 1 5 	 0 0 0 0 0 0 0 0 0 0 0 0 0 0 1 0 0 0 0 0	 1 1 1 1 1 1 1 1 1 0 0 1 1 1 0 0 1 0 1 1	 0 1 0 0 0 0 0 0 0 0 0 0 0 0 0 0 0 0 0 0	    91.4
59	0	0	1	1 	0 1 0 0 	1 1 1 5 	 0 0 0 0 0 0 0 0 0 0 0 0 1 0 0 0 0 0 0 0	 1 1 1 1 1 1 1 1 0 0 0 1 0 0 0 1 1 1 1 1	 0 1 0 0 0 0 0 0 0 0 0 0 0 0 0 0 0 0 0 0	    72.3
43	0	0	1	1 	0 1 0 0 	1 1 1 5 	 0 0 0 0 0 0 0 0 0 0 0 0 1 0 0 0 0 0 0 0	 1 1 1 1 1 1 1 1 0 0 0 1 0 0 0 1 1 1 1 1	 0 1 0 0 0 0 0 0 0 0 0 0 0 0 0 0 0 0 0 0	    65.0
1	0	0	1	1 	0 1 0 0 	1 1 1 5 	 0 0 0 0 0 0 0 0 0 0 0 1 0 0 0 0 0 0 0 0	 1 1 1 1 1 1 1 1 0 0 0 0 0 1 1 1 1 1 1 1	 0 1 0 0 0 0 0 0 0 0 0 0 0 0 0 0 0 0 0 0	    27.5
15	0	0	0	1 	1 0 0 0 	1 1 1 5 	 0 0 0 0 0 0 0 0 0 0 0 0 0 1 0 0 0 0 0 0	 1 1 1 1 1 1 1 1 0 0 0 1 1 0 0 0 1 1 1 1	 0 1 0 0 0 0 0 0 0 0 0 0 0 0 0 0 0 0 0 0	    52.6
6	0	0	1	1 	0 1 0 0 	1 1 1 5 	 0 1 0 0 0 0 0 0 0 0 0 0 0 0 0 0 0 0 0 0	 0 1 1 1 1 1 1 1 0 0 0 0 0 1 1 1 1 1 1 1	 0 1 0 0 0 0 0 0 0 0 0 0 0 0 0 0 0 0 0 0	     0.5
